Participant ID,Global Time,CoP X,CoP Y,Current Color,CoM X,CoM Y,CoM Z,Target Number,Trial Number,CoP Velocity X,CoP Velocity Y
emilytest4,0.01111111,-3.067754,-1.529451,RED,0,0,0,6,1,-2.760979,-1.376506
emilytest4,0.02222222,-3.067754,-1.529451,RED,0,0,0,6,1,0,0
emilytest4,0.03333334,-3.067754,-1.529451,RED,0,0,0,6,1,0,0
emilytest4,0.04444445,-3.067754,-1.529451,RED,0,0,0,6,1,0,0
emilytest4,0.05555556,-3.067754,-1.529451,RED,0,0,0,6,1,0,0
emilytest4,0.06666667,-3.067754,-1.529451,RED,0,0,0,6,1,0,0
emilytest4,0.07777778,-3.067754,-1.529451,RED,0,0,0,6,1,0,0
emilytest4,0.08888889,-3.067754,-1.529451,RED,0,0,0,6,1,0,0
emilytest4,0.1,-3.067754,-1.529451,RED,0,0,0,6,1,0,0
emilytest4,0.1111111,-3.067754,-1.529451,RED,0,0,0,6,1,0,0
emilytest4,0.1222222,-3.067754,-1.529451,RED,0,0,0,6,1,0,0
emilytest4,0.1333333,-3.067754,-1.529451,RED,0,0,0,6,1,0,0
emilytest4,0.1444445,-3.067754,-1.529451,RED,0,0,0,6,1,0,0
emilytest4,0.1555556,-1.783452,-1.918534,RED,0,0,0,6,1,1.155872,-0.3501743
emilytest4,0.1666667,-1.783452,-1.918534,RED,0,0,0,6,1,0,0
emilytest4,0.1777778,-1.783452,-1.918534,RED,0,0,0,6,1,0,0
emilytest4,0.1888889,-1.783452,-1.918534,RED,0,0,0,6,1,0,0
emilytest4,0.2,1.683404,-2.487606,RED,0,0,0,6,1,3.12017,-0.5121648
emilytest4,0.2111111,3.85827,-2.637407,RED,0,0,0,6,1,1.95738,-0.1348213
emilytest4,0.2222222,6.246942,-2.756542,YELLOW,0,0,0,6,1,2.149804,-0.1072214
emilytest4,0.2333333,8.775489,-2.849475,YELLOW,0,0,0,6,1,2.275692,-0.08364007
emilytest4,0.2444444,8.775489,-2.849475,YELLOW,0,0,0,6,1,0,0
emilytest4,0.2555556,11.17837,-2.973984,YELLOW,0,0,0,6,1,2.162595,-0.1120582
emilytest4,0.2666667,11.17837,-2.973984,YELLOW,0,0,0,6,1,0,0
emilytest4,0.2777778,13.24886,-3.073147,YELLOW,0,0,0,6,1,1.863437,-0.08924632
emilytest4,0.2888889,13.24886,-3.073147,YELLOW,0,0,0,6,1,0,0
emilytest4,0.3,13.24886,-3.073147,YELLOW,0,0,0,6,1,0,0
emilytest4,0.3111111,15.51797,-3.143978,YELLOW,0,0,0,6,1,2.042203,-0.06374817
emilytest4,0.3222222,15.87251,-3.112615,YELLOW,0,0,0,6,1,0.3190859,0.02822714
emilytest4,0.3333333,15.87251,-3.112615,YELLOW,0,0,0,6,1,0,0
emilytest4,0.3444445,15.96084,-2.990761,YELLOW,0,0,0,6,1,0.07949638,0.1096684
emilytest4,0.3555556,15.96084,-2.990761,YELLOW,0,0,0,6,1,0,0
emilytest4,0.3666667,15.96084,-2.990761,YELLOW,0,0,0,6,1,0,0
emilytest4,0.3777778,15.96084,-2.990761,YELLOW,0,0,0,6,1,0,0
emilytest4,0.3888889,15.96084,-2.990761,YELLOW,0,0,0,6,1,0,0
emilytest4,0.4,15.96351,-3.330495,YELLOW,0,0,0,6,1,0.002404117,-0.3057609
emilytest4,0.4111111,15.96351,-3.330495,YELLOW,0,0,0,6,1,0,0
emilytest4,0.4222222,15.98588,-3.496931,YELLOW,0,0,0,6,1,0.02012901,-0.1497921
emilytest4,0.4333333,15.96203,-3.54589,YELLOW,0,0,0,6,1,-0.02146454,-0.04406333
emilytest4,0.4444444,15.96203,-3.54589,YELLOW,0,0,0,6,1,0,0
emilytest4,0.4555556,15.95706,-3.616462,YELLOW,0,0,0,6,1,-0.004476929,-0.06351407
emilytest4,0.4666667,15.93657,-3.640737,YELLOW,0,0,0,6,1,-0.01843729,-0.02184777
emilytest4,0.4777778,15.93657,-3.640737,YELLOW,0,0,0,6,1,0,0
emilytest4,0.4888889,15.98463,-3.613414,YELLOW,0,0,0,6,1,0.04325266,0.02459049
emilytest4,0.5,16.00586,-3.638139,YELLOW,0,0,0,6,1,0.01910677,-0.02225246
emilytest4,0.5111111,15.99009,-3.596704,YELLOW,0,0,0,6,1,-0.01419296,0.03729172
emilytest4,0.5222223,15.99009,-3.596704,YELLOW,0,0,0,6,1,0,0
emilytest4,0.5333334,15.99009,-3.596704,YELLOW,0,0,0,6,1,0,0
emilytest4,0.5444446,15.99009,-3.596704,YELLOW,0,0,0,6,1,0,0
emilytest4,0.5555557,15.99009,-3.596704,YELLOW,0,0,0,6,1,0,0
emilytest4,0.5666668,16.0051,-3.526847,YELLOW,0,0,0,6,1,0.01350803,0.06287098
emilytest4,0.577778,16.0051,-3.526847,YELLOW,0,0,0,6,1,0,0
emilytest4,0.5888891,16.20016,-3.035071,YELLOW,0,0,0,6,1,0.1755581,0.4425986
emilytest4,0.6000003,15.23095,-2.699832,YELLOW,0,0,0,6,1,-0.8722913,0.301715
emilytest4,0.6111114,15.23095,-2.699832,YELLOW,0,0,0,6,1,0,0
emilytest4,0.6222225,11.82894,-2.655978,YELLOW,0,0,0,6,1,-3.061808,0.0394686
emilytest4,0.6333337,11.90793,-2.539708,YELLOW,0,0,0,6,1,0.0710927,0.1046431
emilytest4,0.6444448,10.66107,-2.371385,YELLOW,0,0,0,6,1,-1.122172,0.1514903
emilytest4,0.655556,10.66107,-2.371385,YELLOW,0,0,0,6,1,0,0
emilytest4,0.6666671,10.56346,-2.226573,YELLOW,0,0,0,6,1,-0.08785458,0.1303311
emilytest4,0.6777782,10.56346,-2.226573,YELLOW,0,0,0,6,1,0,0
emilytest4,0.6888894,10.96997,-2.245694,YELLOW,0,0,0,6,1,0.3658627,-0.01720862
emilytest4,0.7000005,10.96997,-2.245694,YELLOW,0,0,0,6,1,0,0
emilytest4,0.7111117,11.57069,-2.099134,YELLOW,0,0,0,6,1,0.5406475,0.1319037
emilytest4,0.7222228,11.57069,-2.099134,YELLOW,0,0,0,6,1,0,0
emilytest4,0.7333339,11.69906,-1.981335,YELLOW,0,0,0,6,1,0.115529,0.1060188
emilytest4,0.7444451,11.73581,-2.007234,YELLOW,0,0,0,6,1,0.033074,-0.02330893
emilytest4,0.7555562,9.455853,-2.244406,YELLOW,0,0,0,6,1,-2.051958,-0.2134549
emilytest4,0.7666674,9.455853,-2.244406,YELLOW,0,0,0,6,1,0,0
emilytest4,0.7777785,9.455853,-2.244406,YELLOW,0,0,0,6,1,0,0
emilytest4,0.7888896,9.455853,-2.244406,YELLOW,0,0,0,6,1,0,0
emilytest4,0.8000008,9.455853,-2.244406,YELLOW,0,0,0,6,1,0,0
emilytest4,0.8111119,9.455853,-2.244406,YELLOW,0,0,0,6,1,0,0
emilytest4,0.8222231,9.455853,-2.244406,YELLOW,0,0,0,6,1,0,0
emilytest4,0.8333342,9.455853,-2.244406,YELLOW,0,0,0,6,1,0,0
emilytest4,0.8444453,8.536826,-2.208627,YELLOW,0,0,0,6,1,-0.8271237,0.03220174
emilytest4,0.8555565,8.536826,-2.208627,YELLOW,0,0,0,6,1,0,0
emilytest4,0.8666676,7.540656,-2.286949,YELLOW,0,0,0,6,1,-0.8965534,-0.07049017
emilytest4,0.8777788,6.593523,-2.465475,YELLOW,0,0,0,6,1,-0.8524197,-0.1606735
emilytest4,0.8888899,6.593523,-2.465475,YELLOW,0,0,0,6,1,0,0
emilytest4,0.900001,6.593523,-2.465475,YELLOW,0,0,0,6,1,0,0
emilytest4,0.9111122,6.593523,-2.465475,YELLOW,0,0,0,6,1,0,0
emilytest4,0.9222233,5.196306,-3.0202,YELLOW,0,0,0,6,1,-1.257495,-0.4992529
emilytest4,0.9333345,5.196306,-3.0202,YELLOW,0,0,0,6,1,0,0
emilytest4,0.9444456,5.647876,-3.045179,YELLOW,0,0,0,6,1,0.4064135,-0.02248077
emilytest4,0.9555568,5.647876,-3.045179,YELLOW,0,0,0,6,1,0,0
emilytest4,0.9666679,5.647876,-3.045179,YELLOW,0,0,0,6,1,0,0
emilytest4,0.977779,5.647876,-3.045179,YELLOW,0,0,0,6,1,0,0
emilytest4,0.9888902,6.527985,-3.04841,YELLOW,0,0,0,6,1,0.7920974,-0.002907729
emilytest4,1.000001,7.897907,-3.038609,YELLOW,0,0,0,6,1,1.23293,0.008820605
emilytest4,1.011112,9.597589,-3.006932,YELLOW,0,0,0,6,1,1.529713,0.02850909
emilytest4,1.022224,11.55863,-3.06075,YELLOW,0,0,0,6,1,1.764933,-0.04843533
emilytest4,1.033335,13.40059,-3.037056,YELLOW,0,0,0,6,1,1.657765,0.02132421
emilytest4,1.044446,13.40059,-3.037056,YELLOW,0,0,0,6,1,0,0
emilytest4,1.055557,13.40059,-3.037056,YELLOW,0,0,0,6,1,0,0
emilytest4,1.066668,13.40059,-3.037056,YELLOW,0,0,0,6,1,0,0
emilytest4,1.077779,15.72622,-2.65878,YELLOW,0,0,0,6,1,2.093071,0.3404487
emilytest4,1.08889,15.72622,-2.65878,YELLOW,0,0,0,6,1,0,0
emilytest4,1.100002,15.72004,-2.420669,YELLOW,0,0,0,6,1,-0.005560112,0.2142995
emilytest4,1.111113,15.72004,-2.420669,YELLOW,0,0,0,6,1,0,0
emilytest4,1.122224,15.71076,-2.17659,YELLOW,0,0,0,6,1,-0.008356476,0.2196712
emilytest4,1.133335,15.60098,-1.957623,YELLOW,0,0,0,6,1,-0.09880314,0.1970705
emilytest4,1.144446,15.60098,-1.957623,YELLOW,0,0,0,6,1,0,0
emilytest4,1.155557,15.48645,-1.816898,YELLOW,0,0,0,6,1,-0.1030784,0.1266519
emilytest4,1.166668,15.32821,-1.74646,YELLOW,0,0,0,6,1,-0.1424137,0.06339443
emilytest4,1.17778,15.32821,-1.74646,YELLOW,0,0,0,6,1,0,0
emilytest4,1.188891,15.2107,-1.798369,YELLOW,0,0,0,6,1,-0.1057606,-0.04671818
emilytest4,1.200002,15.2107,-1.798369,YELLOW,0,0,0,6,1,0,0
emilytest4,1.211113,15.09796,-1.894701,YELLOW,0,0,0,6,1,-0.1014587,-0.08669887
emilytest4,1.222224,14.95252,-2.075347,YELLOW,0,0,0,6,1,-0.130897,-0.1625812
emilytest4,1.233335,14.8349,-2.256999,YELLOW,0,0,0,6,1,-0.1058653,-0.1634869
emilytest4,1.244446,14.79478,-2.416674,YELLOW,0,0,0,6,1,-0.03609953,-0.1437076
emilytest4,1.255558,14.79478,-2.416674,YELLOW,0,0,0,6,1,0,0
emilytest4,1.266669,14.74896,-2.542672,YELLOW,0,0,0,6,1,-0.04124079,-0.1133982
emilytest4,1.27778,14.74896,-2.542672,YELLOW,0,0,0,6,1,0,0
emilytest4,1.288891,14.74896,-2.542672,YELLOW,0,0,0,6,1,0,0
emilytest4,1.300002,14.6928,-2.617271,YELLOW,0,0,0,6,1,-0.05054569,-0.06713913
emilytest4,1.311113,14.7461,-2.640792,YELLOW,0,0,0,6,1,0.04797077,-0.02116885
emilytest4,1.322224,14.70562,-2.644044,YELLOW,0,0,0,6,1,-0.03643169,-0.002926826
emilytest4,1.333336,14.70562,-2.644044,YELLOW,0,0,0,6,1,0,0
emilytest4,1.344447,14.75749,-2.611778,YELLOW,0,0,0,6,1,0.04668503,0.02903953
emilytest4,1.355558,14.75749,-2.611778,YELLOW,0,0,0,6,1,0,0
emilytest4,1.366669,14.82714,-2.546384,YELLOW,0,0,0,6,1,0.06267957,0.05885518
emilytest4,1.37778,14.83871,-2.398647,YELLOW,0,0,0,6,1,0.01041899,0.1329631
emilytest4,1.388891,14.83871,-2.398647,YELLOW,0,0,0,6,1,0,0
emilytest4,1.400002,14.92431,-2.279173,YELLOW,0,0,0,6,1,0.07703304,0.1075267
emilytest4,1.411114,14.91607,-2.145051,YELLOW,0,0,0,6,1,-0.007413196,0.1207097
emilytest4,1.422225,14.91607,-2.145051,YELLOW,0,0,0,6,1,0,0
emilytest4,1.433336,14.96835,-2.039965,YELLOW,0,0,0,6,1,0.04705496,0.09457727
emilytest4,1.444447,15.01695,-1.88792,YELLOW,0,0,0,6,1,0.04373846,0.1368403
emilytest4,1.455558,15.06413,-1.693529,YELLOW,0,0,0,6,1,0.04246388,0.1749523
emilytest4,1.466669,15.06413,-1.693529,YELLOW,0,0,0,6,1,0,0
emilytest4,1.47778,15.13456,-1.508414,YELLOW,0,0,0,6,1,0.06338596,0.1666028
emilytest4,1.488891,15.13456,-1.508414,YELLOW,0,0,0,6,1,0,0
emilytest4,1.500003,14.61025,-1.415475,YELLOW,0,0,0,6,1,-0.4718817,0.08364544
emilytest4,1.511114,13.80599,-1.166098,YELLOW,0,0,0,6,1,-0.723829,0.2244397
emilytest4,1.522225,12.80263,-0.8443624,YELLOW,0,0,0,6,1,-0.9030281,0.2895616
emilytest4,1.533336,11.54387,-0.5163365,YELLOW,0,0,0,6,1,-1.132886,0.2952233
emilytest4,1.544447,11.54387,-0.5163365,YELLOW,0,0,0,6,1,0,0
emilytest4,1.555558,10.33273,-0.2715948,YELLOW,0,0,0,6,1,-1.090026,0.2202675
emilytest4,1.566669,10.33273,-0.2715948,YELLOW,0,0,0,6,1,0,0
emilytest4,1.577781,9.20495,-0.1783422,YELLOW,0,0,0,6,1,-1.014998,0.08392739
emilytest4,1.588892,8.289127,-0.09777902,YELLOW,0,0,0,6,1,-0.8242406,0.07250683
emilytest4,1.600003,8.289127,-0.09777902,YELLOW,0,0,0,6,1,0,0
emilytest4,1.611114,7.129329,0.08285553,YELLOW,0,0,0,6,1,-1.043818,0.1625711
emilytest4,1.622225,7.129329,0.08285553,YELLOW,0,0,0,6,1,0,0
emilytest4,1.633336,5.640531,0.2707294,YELLOW,0,0,0,6,1,-1.339918,0.1690864
emilytest4,1.644447,4.222661,0.3448619,YELLOW,0,0,0,6,1,-1.276083,0.06671925
emilytest4,1.655559,4.222661,0.3448619,YELLOW,0,0,0,6,1,0,0
emilytest4,1.66667,3.00544,0.3113495,YELLOW,0,0,0,6,1,-1.095498,-0.03016109
emilytest4,1.677781,2.003288,0.227815,RED,0,0,0,6,1,-0.9019367,-0.07518104
emilytest4,1.688892,2.003288,0.227815,RED,0,0,0,6,1,0,0
emilytest4,1.700003,2.003288,0.227815,RED,0,0,0,6,1,0,0
emilytest4,1.711114,1.131279,0.08721868,RED,0,0,0,6,1,-0.7848086,-0.1265367
emilytest4,1.722225,0.4573714,-0.1303689,RED,0,0,0,6,1,-0.6065164,-0.1958288
emilytest4,1.733337,-0.242984,-0.4407336,RED,0,0,0,6,1,-0.6303198,-0.2793283
emilytest4,1.744448,-0.242984,-0.4407336,RED,0,0,0,6,1,0,0
emilytest4,1.755559,-0.242984,-0.4407336,RED,0,0,0,6,1,0,0
emilytest4,1.76667,-1.679419,-1.22396,RED,0,0,0,6,1,-1.292791,-0.704904
emilytest4,1.777781,-1.679419,-1.22396,RED,0,0,0,6,1,0,0
emilytest4,1.788892,-2.778097,-2.028965,RED,0,0,0,6,1,-0.9888104,-0.724504
emilytest4,1.800003,-2.778097,-2.028965,RED,0,0,0,6,1,0,0
emilytest4,1.811115,-2.999632,-2.482091,RED,0,0,0,6,1,-0.1993819,-0.4078136
emilytest4,1.822226,-2.999632,-2.482091,RED,0,0,0,6,1,0,0
emilytest4,1.833337,-3.141315,-2.922907,RED,0,0,0,6,1,-0.1275148,-0.3967347
emilytest4,1.844448,-3.141315,-2.922907,RED,0,0,0,6,1,0,0
emilytest4,1.855559,-3.293957,-3.511774,RED,0,0,0,6,1,-0.1373778,-0.5299802
emilytest4,1.86667,-3.293957,-3.511774,RED,0,0,0,6,1,0,0
emilytest4,1.877781,-3.245122,-3.608664,RED,0,0,0,6,1,0.04395175,-0.08720098
emilytest4,1.888893,-3.078339,-3.612512,RED,0,0,0,6,1,0.1501046,-0.003463268
emilytest4,1.900004,-3.078339,-3.612512,RED,0,0,0,6,1,0,0
emilytest4,1.911115,-2.790162,-3.558642,RED,0,0,0,6,1,0.2593595,0.04848297
emilytest4,1.922226,-2.790162,-3.558642,RED,0,0,0,6,1,0,0
emilytest4,1.933337,-2.347818,-3.451009,RED,0,0,0,6,1,0.3981097,0.0968698
emilytest4,1.944448,-1.854781,-3.32852,RED,0,0,0,6,1,0.4437334,0.1102405
emilytest4,1.955559,-1.854781,-3.32852,RED,0,0,0,6,1,0,0
emilytest4,1.966671,-1.854781,-3.32852,RED,0,0,0,6,1,0,0
emilytest4,1.977782,-1.854781,-3.32852,RED,0,0,0,6,1,0,0
emilytest4,1.988893,0.8808861,-3.238395,RED,0,0,0,6,1,2.4621,0.08111215
emilytest4,2.000004,2.370775,-3.315018,RED,0,0,0,6,1,1.3409,-0.06896023
emilytest4,2.011115,2.370775,-3.315018,RED,0,0,0,6,1,0,0
emilytest4,2.022226,4.221449,-3.322761,RED,0,0,0,6,1,1.665606,-0.006968594
emilytest4,2.033337,4.221449,-3.322761,YELLOW,0,0,0,6,1,0,0
emilytest4,2.044448,6.144987,-3.383367,YELLOW,0,0,0,6,1,1.731184,-0.05454562
emilytest4,2.055559,8.1772,-3.444847,YELLOW,0,0,0,6,1,1.828992,-0.05533183
emilytest4,2.06667,10.00676,-3.517464,YELLOW,0,0,0,6,1,1.646602,-0.06535535
emilytest4,2.077781,10.00676,-3.517464,YELLOW,0,0,0,6,1,0,0
emilytest4,2.088892,11.71593,-3.609052,YELLOW,0,0,0,6,1,1.538257,-0.08242943
emilytest4,2.100003,13.26278,-3.650464,GREEN,0,0,0,6,1,1.392166,-0.03727069
emilytest4,2.111114,13.26278,-3.650464,GREEN,0,0,0,6,1,0,0
emilytest4,2.122225,14.32597,-3.66841,GREEN,0,0,0,6,1,0.9568705,-0.0161514
emilytest4,2.133336,15.02094,-3.607235,GREEN,0,0,0,6,1,0.6254671,0.05505695
emilytest4,2.144447,15.02094,-3.607235,GREEN,0,0,0,6,1,0,0
emilytest4,2.155558,15.02094,-3.607235,GREEN,0,0,0,6,1,0,0
emilytest4,2.166669,15.61423,-3.438542,GREEN,0,0,0,6,1,0.5339664,0.1518244
emilytest4,2.17778,15.62298,-3.410266,YELLOW,0,0,0,6,1,0.007872391,0.02544794
emilytest4,2.188891,15.62298,-3.410266,YELLOW,0,0,0,6,1,0,0
emilytest4,2.200002,15.62298,-3.410266,YELLOW,0,0,0,6,1,0,0
emilytest4,2.211113,15.62298,-3.410266,YELLOW,0,0,0,6,1,0,0
emilytest4,2.222224,15.48907,-3.731456,YELLOW,0,0,0,6,1,-0.1205157,-0.2890709
emilytest4,2.233335,15.48907,-3.731456,YELLOW,0,0,0,6,1,0,0
emilytest4,2.244446,15.47366,-3.828787,YELLOW,0,0,0,6,1,-0.01387196,-0.08759751
emilytest4,2.255557,15.47366,-3.828787,YELLOW,0,0,0,6,1,0,0
emilytest4,2.266668,15.45899,-3.965287,YELLOW,0,0,0,6,1,-0.01320162,-0.1228503
emilytest4,2.277779,15.45899,-3.965287,YELLOW,0,0,0,6,1,0,0
emilytest4,2.28889,15.44279,-4.317377,YELLOW,0,0,0,6,1,-0.01457748,-0.3168811
emilytest4,2.300001,15.44279,-4.317377,YELLOW,0,0,0,6,1,0,0
emilytest4,2.311112,15.44279,-4.317377,YELLOW,0,0,0,6,1,0,0
emilytest4,2.322223,15.44279,-4.317377,YELLOW,0,0,0,6,1,0,0
emilytest4,2.333334,15.5193,-4.329043,YELLOW,0,0,0,6,1,0.06885767,-0.01049967
emilytest4,2.344445,15.5193,-4.329043,YELLOW,0,0,0,6,1,0,0
emilytest4,2.355556,15.55648,-4.197615,YELLOW,0,0,0,6,1,0.03345766,0.1182854
emilytest4,2.366668,15.55648,-4.197615,YELLOW,0,0,0,6,1,0,0
emilytest4,2.377779,15.56998,-4.155339,YELLOW,0,0,0,6,1,0.01215534,0.03804832
emilytest4,2.38889,15.56998,-4.155339,YELLOW,0,0,0,6,1,0,0
emilytest4,2.400001,15.56668,-4.133589,YELLOW,0,0,0,6,1,-0.002971458,0.01957498
emilytest4,2.411112,15.5832,-4.094385,YELLOW,0,0,0,6,1,0.01486502,0.03528414
emilytest4,2.422223,15.60821,-4.052231,YELLOW,0,0,0,6,1,0.02250652,0.03793802
emilytest4,2.433334,15.51961,-4.009066,YELLOW,0,0,0,6,1,-0.07973413,0.03884912
emilytest4,2.444445,15.51961,-4.009066,YELLOW,0,0,0,6,1,0,0
emilytest4,2.455556,15.51961,-4.009066,YELLOW,0,0,0,6,1,0,0
emilytest4,2.466667,15.19703,-3.927264,YELLOW,0,0,0,6,1,-0.290324,0.07362106
emilytest4,2.477778,15.19703,-3.927264,GREEN,0,0,0,6,1,0,0
emilytest4,2.488889,13.68248,-3.841675,GREEN,0,0,0,6,1,-1.363096,0.07703068
emilytest4,2.5,13.0411,-3.82099,GREEN,0,0,0,6,1,-0.577238,0.01861646
emilytest4,2.511111,13.0411,-3.82099,GREEN,0,0,0,6,1,0,0
emilytest4,2.522222,12.4943,-3.805543,GREEN,0,0,0,6,1,-0.4921197,0.01390221
emilytest4,2.533333,12.4943,-3.805543,GREEN,0,0,0,6,1,0,0
emilytest4,2.544444,12.4943,-3.805543,GREEN,0,0,0,6,1,0,0
emilytest4,2.555555,12.26215,-3.761931,GREEN,0,0,0,6,1,-0.2089394,0.03925037
emilytest4,2.566666,12.26215,-3.761931,GREEN,0,0,0,6,1,0,0
emilytest4,2.577777,12.4173,-3.798043,GREEN,0,0,0,6,1,0.1396405,-0.03250086
emilytest4,2.588888,12.4173,-3.798043,GREEN,0,0,0,6,1,0,0
emilytest4,2.599999,12.49748,-3.778971,GREEN,0,0,0,6,1,0.07215528,0.01716528
emilytest4,2.61111,12.60818,-3.758038,GREEN,0,0,0,6,1,0.09963312,0.01884005
emilytest4,2.622221,12.60818,-3.758038,GREEN,0,0,0,6,1,0,0
emilytest4,2.633332,12.64864,-3.770294,GREEN,0,0,0,6,1,0.03640938,-0.01103118
emilytest4,2.644443,12.64864,-3.770294,GREEN,0,0,0,6,1,0,0
emilytest4,2.655554,12.60045,-3.744043,GREEN,0,0,0,6,1,-0.0433711,0.0236264
emilytest4,2.666665,12.59724,-3.750473,GREEN,0,0,0,6,1,-0.002889061,-0.005787349
emilytest4,2.677776,12.62774,-3.682225,GREEN,0,0,0,6,1,0.02745295,0.06142344
emilytest4,2.688887,12.66976,-3.65266,GREEN,0,0,0,6,1,0.03782301,0.02660816
emilytest4,2.699998,12.66976,-3.65266,GREEN,0,0,0,6,1,0,0
emilytest4,2.711109,12.66976,-3.65266,GREEN,0,0,0,6,1,0,0
emilytest4,2.72222,12.54062,-3.512964,GREEN,0,0,0,6,1,-0.1162311,0.1257265
emilytest4,2.733331,12.54062,-3.512964,YELLOW,0,0,0,6,1,0,0
emilytest4,2.744442,12.12557,-3.366555,YELLOW,0,0,0,6,1,-0.3735446,0.1317686
emilytest4,2.755553,12.12557,-3.366555,YELLOW,0,0,0,6,1,0,0
emilytest4,2.766664,12.12557,-3.366555,YELLOW,0,0,0,6,1,0,0
emilytest4,2.777775,11.80003,-3.366196,YELLOW,0,0,0,6,1,-0.2929856,0.0003231525
emilytest4,2.788886,11.80003,-3.366196,YELLOW,0,0,0,6,1,0,0
emilytest4,2.799997,11.44181,-3.348073,YELLOW,0,0,0,6,1,-0.322399,0.01631019
emilytest4,2.811108,11.44181,-3.348073,YELLOW,0,0,0,6,1,0,0
emilytest4,2.822219,10.04063,-3.308533,YELLOW,0,0,0,6,1,-1.261057,0.03558583
emilytest4,2.83333,10.04063,-3.308533,YELLOW,0,0,0,6,1,0,0
emilytest4,2.844441,10.04063,-3.308533,YELLOW,0,0,0,6,1,0,0
emilytest4,2.855552,8.844231,-3.349799,YELLOW,0,0,0,6,1,-1.076763,-0.03713872
emilytest4,2.866663,8.844231,-3.349799,YELLOW,0,0,0,6,1,0,0
emilytest4,2.877774,8.139846,-3.263709,YELLOW,0,0,0,6,1,-0.6339463,0.07748087
emilytest4,2.888885,8.139846,-3.263709,YELLOW,0,0,0,6,1,0,0
emilytest4,2.899997,7.284418,-3.086944,YELLOW,0,0,0,6,1,-0.7698849,0.1590885
emilytest4,2.911108,6.299297,-2.853258,YELLOW,0,0,0,6,1,-0.8866091,0.2103171
emilytest4,2.922219,6.299297,-2.853258,YELLOW,0,0,0,6,1,0,0
emilytest4,2.93333,6.299297,-2.853258,YELLOW,0,0,0,6,1,0,0
emilytest4,2.944441,4.027104,-2.515913,YELLOW,0,0,0,6,1,-2.044973,0.3036104
emilytest4,2.955552,4.027104,-2.515913,YELLOW,0,0,0,6,1,0,0
emilytest4,2.966663,2.657058,-2.334152,YELLOW,0,0,0,6,1,-1.233041,0.1635851
emilytest4,2.977774,2.657058,-2.334152,RED,0,0,0,6,1,0,0
emilytest4,2.988885,1.146595,-2.171458,RED,0,0,0,6,1,-1.359417,0.1464244
emilytest4,2.999996,-0.480995,-1.993471,RED,0,0,0,6,1,-1.464831,0.1601884
emilytest4,3.011107,-0.480995,-1.993471,RED,0,0,0,6,1,0,0
emilytest4,3.022218,-2.093789,-1.850953,RED,0,0,0,6,1,-1.451515,0.1282662
emilytest4,3.033329,-3.597553,-1.851343,RED,0,0,0,6,1,-1.353387,-0.0003512621
emilytest4,3.04444,-4.944749,-1.877622,RED,0,0,0,6,1,-1.212476,-0.02365032
emilytest4,3.055551,-4.944749,-1.877622,RED,0,0,0,6,1,0,0
emilytest4,3.066662,-4.944749,-1.877622,RED,0,0,0,6,1,0,0
emilytest4,3.077773,-7.217602,-1.989525,RED,0,0,0,6,1,-2.045568,-0.1007131
emilytest4,3.088884,-8.051462,-2.064514,RED,0,0,0,6,1,-0.7504743,-0.06749006
emilytest4,3.099995,-8.051462,-2.064514,RED,0,0,0,6,1,0,0
emilytest4,3.111106,-8.051462,-2.064514,RED,0,0,0,6,1,0,0
emilytest4,3.122217,-8.816146,-2.200163,RED,0,0,0,6,1,-0.6882153,-0.1220845
emilytest4,3.133328,-9.46687,-2.358783,RED,0,0,0,6,1,-0.585652,-0.1427572
emilytest4,3.144439,-10.53002,-2.883883,RED,0,0,0,6,1,-0.9568319,-0.4725904
emilytest4,3.15555,-10.53002,-2.883883,RED,0,0,0,6,1,0,0
emilytest4,3.166661,-10.84259,-3.23697,RED,0,0,0,6,1,-0.2813178,-0.317778
emilytest4,3.177772,-10.84259,-3.23697,RED,0,0,0,6,1,0,0
emilytest4,3.188883,-11.0072,-3.459649,RED,0,0,0,6,1,-0.1481463,-0.2004112
emilytest4,3.199994,-11.0072,-3.459649,RED,0,0,0,6,1,0,0
emilytest4,3.211105,-11.03691,-3.56669,RED,0,0,0,6,1,-0.02673712,-0.0963368
emilytest4,3.222216,-11.03691,-3.56669,RED,0,0,0,6,1,0,0
emilytest4,3.233327,-11.03901,-3.520736,RED,0,0,0,6,1,-0.001888275,0.04135816
emilytest4,3.244438,-11.03901,-3.520736,RED,0,0,0,6,1,0,0
emilytest4,3.255549,-10.83858,-3.483217,RED,0,0,0,6,1,0.1803792,0.03376772
emilytest4,3.26666,-10.83858,-3.483217,RED,0,0,0,6,1,0,0
emilytest4,3.277771,-10.60352,-3.479955,RED,0,0,0,6,1,0.2115615,0.002935195
emilytest4,3.288882,-10.32371,-3.443127,RED,0,0,0,6,1,0.2518281,0.03314524
emilytest4,3.299993,-9.864573,-3.466433,RED,0,0,0,6,1,0.4132207,-0.0209753
emilytest4,3.311104,-9.395988,-3.481878,RED,0,0,0,6,1,0.4217257,-0.01390049
emilytest4,3.322215,-9.395988,-3.481878,RED,0,0,0,6,1,0,0
emilytest4,3.333326,-8.858031,-3.47568,RED,0,0,0,6,1,0.4841615,0.005578137
emilytest4,3.344437,-8.858031,-3.47568,RED,0,0,0,6,1,0,0
emilytest4,3.355548,-8.454929,-3.450137,RED,0,0,0,6,1,0.3627917,0.02298889
emilytest4,3.366659,-8.123735,-3.383632,RED,0,0,0,6,1,0.2980745,0.05985468
emilytest4,3.37777,-7.768105,-3.2949,RED,0,0,0,6,1,0.3200674,0.07985816
emilytest4,3.388881,-7.462607,-3.235562,RED,0,0,0,6,1,0.2749479,0.0534045
emilytest4,3.399992,-7.462607,-3.235562,RED,0,0,0,6,1,0,0
emilytest4,3.411103,-7.023487,-3.220193,RED,0,0,0,6,1,0.3952087,0.01383226
emilytest4,3.422215,-7.023487,-3.220193,RED,0,0,0,6,1,0,0
emilytest4,3.433326,-7.023487,-3.220193,RED,0,0,0,6,1,0,0
emilytest4,3.444437,-5.541951,-3.259699,RED,0,0,0,6,1,1.333382,-0.03555536
emilytest4,3.455548,-5.541951,-3.259699,RED,0,0,0,6,1,0,0
emilytest4,3.466659,-4.602428,-3.279227,RED,0,0,0,6,1,0.8455709,-0.01757491
emilytest4,3.47777,-3.592462,-3.258033,RED,0,0,0,6,1,0.9089695,0.01907394
emilytest4,3.488881,-3.592462,-3.258033,RED,0,0,0,6,1,0,0
emilytest4,3.499992,-3.592462,-3.258033,RED,0,0,0,6,1,0,0
emilytest4,3.511103,-2.593246,-3.166747,RED,0,0,0,6,1,0.8992942,0.08215734
emilytest4,3.522214,-0.8862807,-2.853038,RED,0,0,0,6,1,1.536269,0.2823383
emilytest4,3.533325,-0.8862807,-2.853038,RED,0,0,0,6,1,0,0
emilytest4,3.544436,-0.8862807,-2.853038,RED,0,0,0,6,1,0,0
emilytest4,3.555547,-0.1220206,-2.673184,RED,0,0,0,6,1,0.6878341,0.161869
emilytest4,3.566658,0.4869645,-2.570826,RED,0,0,0,6,1,0.5480866,0.09212208
emilytest4,3.577769,0.9844395,-2.527607,RED,0,0,0,6,1,0.4477275,0.03889675
emilytest4,3.58888,0.9844395,-2.527607,RED,0,0,0,6,1,0,0
emilytest4,3.599991,0.9844395,-2.527607,RED,0,0,0,6,1,0,0
emilytest4,3.611102,1.484522,-2.457761,RED,0,0,0,6,1,0.4500739,0.06286196
emilytest4,3.622213,1.534261,-2.4776,RED,0,0,0,6,1,0.04476532,-0.01785514
emilytest4,3.633324,1.534261,-2.4776,RED,0,0,0,6,1,0,0
emilytest4,3.644435,1.534261,-2.4776,RED,0,0,0,6,1,0,0
emilytest4,3.655546,1.562603,-2.500441,RED,0,0,0,6,1,0.02550792,-0.02055688
emilytest4,3.666657,1.569841,-2.507722,RED,0,0,0,6,1,0.006514227,-0.006553173
emilytest4,3.677768,1.50154,-2.476613,RED,0,0,0,6,1,-0.06147076,0.02799818
emilytest4,3.688879,1.382296,-2.428886,RED,0,0,0,6,1,-0.10732,0.04295418
emilytest4,3.69999,1.382296,-2.428886,RED,0,0,0,6,1,0,0
emilytest4,3.711101,1.251144,-2.366636,RED,0,0,0,6,1,-0.1180366,0.05602491
emilytest4,3.722212,1.251144,-2.366636,RED,0,0,0,6,1,0,0
emilytest4,3.733323,1.140468,-2.288082,RED,0,0,0,6,1,-0.09960855,0.07069895
emilytest4,3.744434,1.140468,-2.288082,RED,0,0,0,6,1,0,0
emilytest4,3.755545,0.9880601,-2.185805,RED,0,0,0,6,1,-0.1371669,0.09204933
emilytest4,3.766656,0.9880601,-2.185805,RED,0,0,0,6,1,0,0
emilytest4,3.777767,0.6934552,-2.025603,RED,0,0,0,6,1,-0.2651444,0.1441818
emilytest4,3.788878,0.6217133,-1.94745,RED,0,0,0,6,1,-0.06456764,0.07033739
emilytest4,3.799989,0.6217133,-1.94745,RED,0,0,0,6,1,0,0
emilytest4,3.8111,0.6868221,-1.870937,RED,0,0,0,6,1,0.05859784,0.06886121
emilytest4,3.822211,0.889511,-1.782756,RED,0,0,0,6,1,0.18242,0.07936356
emilytest4,3.833322,0.889511,-1.782756,RED,0,0,0,6,1,0,0
emilytest4,3.844433,1.443022,-1.606873,RED,0,0,0,6,1,0.4981602,0.1582944
emilytest4,3.855544,1.443022,-1.606873,RED,0,0,0,6,1,0,0
emilytest4,3.866655,1.816628,-1.535413,RED,0,0,0,6,1,0.3362454,0.06431422
emilytest4,3.877766,1.816628,-1.535413,RED,0,0,0,6,1,0,0
emilytest4,3.888877,2.170733,-1.46517,RED,0,0,0,6,1,0.3186941,0.06321827
emilytest4,3.899988,2.463037,-1.424226,RED,0,0,0,6,1,0.2630732,0.0368498
emilytest4,3.911099,2.463037,-1.424226,RED,0,0,0,6,1,0,0
emilytest4,3.92221,2.494583,-1.381885,RED,0,0,0,6,1,0.0283915,0.03810657
emilytest4,3.933321,2.494583,-1.381885,RED,0,0,0,6,1,0,0
emilytest4,3.944432,2.256265,-1.343721,RED,0,0,0,6,1,-0.2144857,0.03434772
emilytest4,3.955544,1.615146,-1.272609,RED,0,0,0,6,1,-0.5770075,0.06400105
emilytest4,3.966655,0.647095,-1.220872,RED,0,0,0,6,1,-0.8712456,0.04656347
emilytest4,3.977766,-0.6620414,-1.291883,RED,0,0,0,6,1,-1.178223,-0.06391028
emilytest4,3.988877,-0.6620414,-1.291883,RED,0,0,0,6,1,0,0
emilytest4,3.999988,-0.6620414,-1.291883,RED,0,0,0,6,1,0,0
emilytest4,4.011099,-2.219891,-1.370286,RED,0,0,0,6,1,-1.402064,-0.07056205
emilytest4,4.02221,-3.744599,-1.490135,RED,0,0,0,6,1,-1.372238,-0.1078642
emilytest4,4.033321,-3.744599,-1.490135,RED,0,0,0,6,1,0,0
emilytest4,4.044433,-5.22324,-1.620225,RED,0,0,0,6,1,-1.330777,-0.1170811
emilytest4,4.055544,-5.22324,-1.620225,RED,0,0,0,6,1,0,0
emilytest4,4.066655,-7.543757,-1.715875,RED,0,0,0,6,1,-2.088466,-0.08608539
emilytest4,4.077766,-7.543757,-1.715875,RED,0,0,0,6,1,0,0
emilytest4,4.088878,-8.296925,-1.683297,RED,0,0,0,6,1,-0.6778504,0.02931998
emilytest4,4.099989,-8.962613,-1.652081,RED,0,0,0,6,1,-0.5991197,0.02809485
emilytest4,4.1111,-9.516323,-1.639741,RED,0,0,0,6,1,-0.498339,0.01110595
emilytest4,4.122211,-9.516323,-1.639741,RED,0,0,0,6,1,0,0
emilytest4,4.133323,-9.516323,-1.639741,RED,0,0,0,6,1,0,0
emilytest4,4.144434,-10.20939,-1.494054,RED,0,0,0,6,1,-0.6237617,0.1311185
emilytest4,4.155545,-10.20939,-1.494054,RED,0,0,0,6,1,0,0
emilytest4,4.166656,-10.45086,-1.418278,RED,0,0,0,6,1,-0.2173199,0.06819849
emilytest4,4.177768,-10.45086,-1.418278,RED,0,0,0,6,1,0,0
emilytest4,4.188879,-10.75594,-1.337622,RED,0,0,0,6,1,-0.2745732,0.07259045
emilytest4,4.19999,-10.75594,-1.337622,RED,0,0,0,6,1,0,0
emilytest4,4.211102,-10.85356,-1.402357,RED,0,0,0,6,1,-0.08785715,-0.05826166
emilytest4,4.222213,-10.85356,-1.402357,RED,0,0,0,6,1,0,0
emilytest4,4.233324,-10.99142,-1.444734,RED,0,0,0,6,1,-0.1240751,-0.03813962
emilytest4,4.244435,-11.05061,-1.426938,RED,0,0,0,6,1,-0.05326738,0.01601687
emilytest4,4.255547,-11.05061,-1.426938,RED,0,0,0,6,1,0,0
emilytest4,4.266658,-11.09598,-1.44086,RED,0,0,0,6,1,-0.04083309,-0.01253053
emilytest4,4.277769,-11.10404,-1.45105,RED,0,0,0,6,1,-0.007253551,-0.00917058
emilytest4,4.28888,-11.09596,-1.509504,RED,0,0,0,6,1,0.007266426,-0.05260874
emilytest4,4.299992,-11.05873,-1.613959,RED,0,0,0,6,1,0.03350658,-0.09400917
emilytest4,4.311103,-11.05873,-1.613959,RED,0,0,0,6,1,0,0
emilytest4,4.322214,-10.9473,-1.711755,RED,0,0,0,6,1,0.1002923,-0.08801647
emilytest4,4.333325,-10.9473,-1.711755,RED,0,0,0,6,1,0,0
emilytest4,4.344437,-10.74106,-1.802608,RED,0,0,0,6,1,0.1856157,-0.08176832
emilytest4,4.355548,-10.47476,-1.944242,RED,0,0,0,6,1,0.2396642,-0.1274702
emilytest4,4.366659,-10.47476,-1.944242,RED,0,0,0,6,1,0,0
emilytest4,4.37777,-10.47476,-1.944242,RED,0,0,0,6,1,0,0
emilytest4,4.388882,-10.47476,-1.944242,RED,0,0,0,6,1,0,0
emilytest4,4.399993,-10.07284,-2.033672,RED,0,0,0,6,1,0.3617291,-0.08048708
emilytest4,4.411104,-8.220157,-1.969225,RED,0,0,0,6,1,1.667416,0.05800255
emilytest4,4.422215,-6.228354,-1.960996,RED,0,0,0,6,1,1.792622,0.007406116
emilytest4,4.433327,-2.992583,-1.95213,RED,0,0,0,6,1,2.912194,0.007979465
emilytest4,4.444438,-2.992583,-1.95213,RED,0,0,0,6,1,0,0
emilytest4,4.455549,-2.992583,-1.95213,RED,0,0,0,6,1,0,0
emilytest4,4.46666,1.527737,-1.984122,RED,0,0,0,6,1,4.068288,-0.02879319
emilytest4,4.477772,6.272924,-2.103966,RED,0,0,0,6,1,4.270668,-0.1078599
emilytest4,4.488883,9.958513,-2.572094,YELLOW,0,0,0,6,1,3.31703,-0.4213152
emilytest4,4.499994,12.91212,-3.050131,YELLOW,0,0,0,6,1,2.658249,-0.430233
emilytest4,4.511106,12.91212,-3.050131,YELLOW,0,0,0,6,1,0,0
emilytest4,4.522217,15.2057,-3.511392,YELLOW,0,0,0,6,1,2.064222,-0.4151349
emilytest4,4.533328,15.2057,-3.511392,YELLOW,0,0,0,6,1,0,0
emilytest4,4.544439,16.02858,-3.733038,YELLOW,0,0,0,6,1,0.7405884,-0.1994817
emilytest4,4.555551,15.94124,-3.67597,YELLOW,0,0,0,6,1,-0.07860546,0.0513613
emilytest4,4.566662,15.83259,-3.628213,YELLOW,0,0,0,6,1,-0.09778862,0.04298143
emilytest4,4.577773,15.83259,-3.628213,YELLOW,0,0,0,6,1,0,0
emilytest4,4.588884,15.83259,-3.628213,YELLOW,0,0,0,6,1,0,0
emilytest4,4.599996,15.6707,-3.694149,YELLOW,0,0,0,6,1,-0.1456985,-0.05934269
emilytest4,4.611107,15.6707,-3.694149,YELLOW,0,0,0,6,1,0,0
emilytest4,4.622218,15.57442,-3.766552,YELLOW,0,0,0,6,1,-0.08665123,-0.06516223
emilytest4,4.633329,15.57442,-3.766552,YELLOW,0,0,0,6,1,0,0
emilytest4,4.644441,15.44199,-3.951872,YELLOW,0,0,0,6,1,-0.1191896,-0.1667877
emilytest4,4.655552,15.44199,-3.951872,YELLOW,0,0,0,6,1,0,0
emilytest4,4.666663,15.44199,-3.951872,YELLOW,0,0,0,6,1,0,0
emilytest4,4.677774,15.44199,-3.951872,YELLOW,0,0,0,6,1,0,0
emilytest4,4.688886,15.24426,-3.952294,YELLOW,0,0,0,6,1,-0.1779502,-0.0003804445
emilytest4,4.699997,15.24426,-3.952294,GREEN,0,0,0,6,1,0,0
emilytest4,4.711108,15.2142,-3.860014,GREEN,0,0,0,6,1,-0.02705727,0.08305192
emilytest4,4.722219,15.2142,-3.860014,GREEN,0,0,0,6,1,0,0
emilytest4,4.733331,15.14768,-3.761636,GREEN,0,0,0,6,1,-0.05987034,0.08854079
emilytest4,4.744442,15.05241,-3.645702,GREEN,0,0,0,6,1,-0.08574314,0.1043401
emilytest4,4.755553,15.04312,-3.493371,GREEN,0,0,0,6,1,-0.008362484,0.1370984
emilytest4,4.766665,15.04312,-3.493371,YELLOW,0,0,0,6,1,0,0
emilytest4,4.777776,15.01617,-3.24806,YELLOW,0,0,0,6,1,-0.02425404,0.2207797
emilytest4,4.788887,15.03043,-2.979602,YELLOW,0,0,0,6,1,0.01283169,0.2416119
emilytest4,4.799998,15.03043,-2.979602,YELLOW,0,0,0,6,1,0,0
emilytest4,4.81111,15.0159,-2.718356,YELLOW,0,0,0,6,1,-0.01307459,0.2351216
emilytest4,4.822221,15.06163,-2.527192,YELLOW,0,0,0,6,1,0.04115667,0.172048
emilytest4,4.833332,15.06163,-2.527192,YELLOW,0,0,0,6,1,0,0
emilytest4,4.844443,15.06163,-2.527192,YELLOW,0,0,0,6,1,0,0
emilytest4,4.855555,15.11088,-2.394717,YELLOW,0,0,0,6,1,0.0443264,0.119227
emilytest4,4.866666,15.07453,-2.323614,YELLOW,0,0,0,6,1,-0.03271265,0.06399322
emilytest4,4.877777,15.12647,-2.203567,YELLOW,0,0,0,6,1,0.04674339,0.1080417
emilytest4,4.888888,15.1708,-2.104417,YELLOW,0,0,0,6,1,0.0398941,0.08923559
emilytest4,4.9,15.17201,-1.928599,YELLOW,0,0,0,6,1,0.0010952,0.1582362
emilytest4,4.911111,15.17201,-1.928599,YELLOW,0,0,0,6,1,0,0
emilytest4,4.922222,15.16359,-1.733047,YELLOW,0,0,0,6,1,-0.007577992,0.1759962
emilytest4,4.933333,14.29131,-1.222275,YELLOW,0,0,0,6,1,-0.7850513,0.4596948
emilytest4,4.944445,12.87554,-0.5312401,YELLOW,0,0,0,6,1,-1.274199,0.6219317
emilytest4,4.955556,12.87554,-0.5312401,YELLOW,0,0,0,6,1,0,0
emilytest4,4.966667,12.87554,-0.5312401,YELLOW,0,0,0,6,1,0,0
emilytest4,4.977778,9.890843,0.847904,YELLOW,0,0,0,6,1,-2.686223,1.24123
emilytest4,4.98889,9.890843,0.847904,YELLOW,0,0,0,6,1,0,0
emilytest4,5.000001,6.843137,2.025451,YELLOW,0,0,0,6,1,-2.742935,1.059792
emilytest4,5.011112,6.843137,2.025451,YELLOW,0,0,0,6,1,0,0
emilytest4,5.022223,6.843137,2.025451,YELLOW,0,0,0,6,1,0,0
emilytest4,5.033335,5.667604,2.45782,YELLOW,0,0,0,6,1,-1.057979,0.3891319
emilytest4,5.044446,5.667604,2.45782,RED,0,0,0,6,1,0,0
emilytest4,5.055557,3.097524,3.047959,RED,0,0,0,6,1,-2.313072,0.5311254
emilytest4,5.066669,1.789971,3.250736,RED,0,0,0,6,1,-1.176798,0.1824996
emilytest4,5.07778,1.789971,3.250736,RED,0,0,0,6,1,0,0
emilytest4,5.088891,1.789971,3.250736,RED,0,0,0,6,1,0,0
emilytest4,5.100002,0.722694,3.42642,RED,0,0,0,6,1,-0.9605495,0.1581149
emilytest4,5.111114,-0.1314511,3.55038,RED,0,0,0,6,1,-0.7687306,0.1115647
emilytest4,5.122225,-0.7389762,3.487458,RED,0,0,0,6,1,-0.5467726,-0.05663066
emilytest4,5.133336,-0.7389762,3.487458,RED,0,0,0,6,1,0,0
emilytest4,5.144447,-1.32091,3.455223,RED,0,0,0,6,1,-0.5237404,-0.02901099
emilytest4,5.155559,-1.767063,3.499738,RED,0,0,0,6,1,-0.4015375,0.04006298
emilytest4,5.16667,-1.767063,3.499738,RED,0,0,0,6,1,0,0
emilytest4,5.177781,-1.951495,3.614196,RED,0,0,0,6,1,-0.1659887,0.1030129
emilytest4,5.188892,-1.773456,3.76072,RED,0,0,0,6,1,0.1602349,0.1318713
emilytest4,5.200004,-1.773456,3.76072,RED,0,0,0,6,1,0,0
emilytest4,5.211115,-1.210792,3.864391,RED,0,0,0,6,1,0.5063977,0.09330418
emilytest4,5.222226,-0.3024682,3.956331,RED,0,0,0,6,1,0.8174912,0.08274593
emilytest4,5.233337,0.7698743,3.992837,RED,0,0,0,6,1,0.9651083,0.03285491
emilytest4,5.244449,0.7698743,3.992837,RED,0,0,0,6,1,0,0
emilytest4,5.25556,0.7698743,3.992837,RED,0,0,0,6,1,0,0
emilytest4,5.266671,0.7698743,3.992837,RED,0,0,0,6,1,0,0
emilytest4,5.277782,3.612448,3.443216,RED,0,0,0,6,1,2.558316,-0.4946586
emilytest4,5.288894,5.267577,3.027591,RED,0,0,0,6,1,1.489616,-0.3740626
emilytest4,5.300005,6.948988,2.613236,RED,0,0,0,6,1,1.51327,-0.3729191
emilytest4,5.311116,6.948988,2.613236,RED,0,0,0,6,1,0,0
emilytest4,5.322227,8.735084,2.092432,RED,0,0,0,6,1,1.607486,-0.468724
emilytest4,5.333339,8.735084,2.092432,YELLOW,0,0,0,6,1,0,0
emilytest4,5.34445,12.3714,0.8244587,YELLOW,0,0,0,6,1,3.272689,-1.141176
emilytest4,5.355561,12.3714,0.8244587,YELLOW,0,0,0,6,1,0,0
emilytest4,5.366673,12.3714,0.8244587,YELLOW,0,0,0,6,1,0,0
emilytest4,5.377784,14.92272,-0.4844249,YELLOW,0,0,0,6,1,2.296183,-1.177995
emilytest4,5.388895,14.92272,-0.4844249,YELLOW,0,0,0,6,1,0,0
emilytest4,5.400006,15.18078,-0.6387488,YELLOW,0,0,0,6,1,0.232257,-0.1388915
emilytest4,5.411118,15.18078,-0.6387488,YELLOW,0,0,0,6,1,0,0
emilytest4,5.422229,15.15178,-0.6007571,YELLOW,0,0,0,6,1,-0.02609768,0.03419253
emilytest4,5.43334,15.1535,-0.4674472,YELLOW,0,0,0,6,1,0.001542378,0.1199789
emilytest4,5.444451,15.1535,-0.4674472,YELLOW,0,0,0,6,1,0,0
emilytest4,5.455563,15.11959,-0.3659491,YELLOW,0,0,0,6,1,-0.03052139,0.09134828
emilytest4,5.466674,15.11959,-0.3659491,YELLOW,0,0,0,6,1,0,0
emilytest4,5.477785,15.01995,-0.321485,YELLOW,0,0,0,6,1,-0.08966903,0.04001765
emilytest4,5.488896,14.94666,-0.3646201,YELLOW,0,0,0,6,1,-0.06596518,-0.03882159
emilytest4,5.500008,14.89733,-0.4633767,YELLOW,0,0,0,6,1,-0.04439936,-0.08888087
emilytest4,5.511119,14.84609,-0.4969789,YELLOW,0,0,0,6,1,-0.0461091,-0.03024198
emilytest4,5.52223,14.84609,-0.4969789,YELLOW,0,0,0,6,1,0,0
emilytest4,5.533341,14.79356,-0.5851629,YELLOW,0,0,0,6,1,-0.04728327,-0.07936565
emilytest4,5.544453,14.79356,-0.5851629,YELLOW,0,0,0,6,1,0,0
emilytest4,5.555564,14.79356,-0.5851629,YELLOW,0,0,0,6,1,0,0
emilytest4,5.566675,14.72865,-0.6385211,YELLOW,0,0,0,6,1,-0.05841551,-0.04802237
emilytest4,5.577786,14.72865,-0.6385211,YELLOW,0,0,0,6,1,0,0
emilytest4,5.588898,14.74594,-0.7238829,YELLOW,0,0,0,6,1,0.01556368,-0.07682554
emilytest4,5.600009,14.74594,-0.7238829,YELLOW,0,0,0,6,1,0,0
emilytest4,5.61112,14.74594,-0.7238829,YELLOW,0,0,0,6,1,0,0
emilytest4,5.622231,14.76401,-0.6820986,YELLOW,0,0,0,6,1,0.01625977,0.03760586
emilytest4,5.633343,14.72032,-0.7171956,YELLOW,0,0,0,6,1,-0.03932505,-0.03158735
emilytest4,5.644454,14.77925,-0.6915947,YELLOW,0,0,0,6,1,0.05303822,0.02304082
emilytest4,5.655565,14.77925,-0.6915947,YELLOW,0,0,0,6,1,0,0
emilytest4,5.666677,14.81915,-0.6799862,YELLOW,0,0,0,6,1,0.03591413,0.01044763
emilytest4,5.677788,14.81915,-0.6799862,YELLOW,0,0,0,6,1,0,0
emilytest4,5.688899,14.79129,-0.7540622,YELLOW,0,0,0,6,1,-0.02507801,-0.0666684
emilytest4,5.70001,14.85056,-0.8525859,YELLOW,0,0,0,6,1,0.05334292,-0.0886713
emilytest4,5.711122,14.88407,-0.896889,YELLOW,0,0,0,6,1,0.0301652,-0.03987275
emilytest4,5.722233,14.94485,-0.8771173,YELLOW,0,0,0,6,1,0.05469732,0.01779447
emilytest4,5.733344,14.94485,-0.8771173,YELLOW,0,0,0,6,1,0,0
emilytest4,5.744455,14.98552,-0.7790901,YELLOW,0,0,0,6,1,0.03660421,0.08822451
emilytest4,5.755567,15.04278,-0.675091,YELLOW,0,0,0,6,1,0.05153189,0.09359917
emilytest4,5.766678,15.04278,-0.675091,YELLOW,0,0,0,6,1,0,0
emilytest4,5.777789,15.05673,-0.5628644,YELLOW,0,0,0,6,1,0.01255703,0.1010039
emilytest4,5.7889,14.53944,-0.443045,YELLOW,0,0,0,6,1,-0.4655602,0.1078375
emilytest4,5.800012,14.53944,-0.443045,YELLOW,0,0,0,6,1,0,0
emilytest4,5.811123,13.51096,-0.1053799,YELLOW,0,0,0,6,1,-0.9256341,0.3038985
emilytest4,5.822234,13.51096,-0.1053799,YELLOW,0,0,0,6,1,0,0
emilytest4,5.833345,13.51096,-0.1053799,YELLOW,0,0,0,6,1,0,0
emilytest4,5.844457,10.83719,0.8414366,YELLOW,0,0,0,6,1,-2.40639,0.8521349
emilytest4,5.855568,9.450849,1.220748,YELLOW,0,0,0,6,1,-1.247709,0.3413799
emilytest4,5.866679,9.450849,1.220748,YELLOW,0,0,0,6,1,0,0
emilytest4,5.87779,8.215138,1.565344,YELLOW,0,0,0,6,1,-1.112139,0.3101369
emilytest4,5.888902,7.132942,1.863431,YELLOW,0,0,0,6,1,-0.973977,0.2682786
emilytest4,5.900013,7.132942,1.863431,YELLOW,0,0,0,6,1,0,0
emilytest4,5.911124,7.132942,1.863431,YELLOW,0,0,0,6,1,0,0
emilytest4,5.922235,6.157096,2.136639,YELLOW,0,0,0,6,1,-0.8782608,0.2458869
emilytest4,5.933347,6.157096,2.136639,YELLOW,0,0,0,6,1,0,0
emilytest4,5.944458,3.473994,1.96103,YELLOW,0,0,0,6,1,-2.414792,-0.158048
emilytest4,5.955569,3.473994,1.96103,YELLOW,0,0,0,6,1,0,0
emilytest4,5.966681,2.172729,1.75323,YELLOW,0,0,0,6,1,-1.171139,-0.1870205
emilytest4,5.977792,1.085136,1.540313,RED,0,0,0,6,1,-0.9788336,-0.1916248
emilytest4,5.988903,0.2279164,1.328999,RED,0,0,0,6,1,-0.7714974,-0.1901832
emilytest4,6.000014,-0.3019306,1.201775,RED,0,0,0,6,1,-0.4768623,-0.1145008
emilytest4,6.011126,-0.697473,1.202147,RED,0,0,0,6,1,-0.3559882,0.000334847
emilytest4,6.022237,-0.697473,1.202147,RED,0,0,0,6,1,0,0
emilytest4,6.033348,-0.9628208,1.200737,RED,0,0,0,6,1,-0.2388129,-0.001269758
emilytest4,6.044459,-0.9503539,1.16178,RED,0,0,0,6,1,0.01122022,-0.03506087
emilytest4,6.055571,-0.9503539,1.16178,RED,0,0,0,6,1,0,0
emilytest4,6.066682,-0.9503539,1.16178,RED,0,0,0,6,1,0,0
emilytest4,6.077793,-0.7104346,1.093146,RED,0,0,0,6,1,0.2159274,-0.06177042
emilytest4,6.088904,-0.2678752,1.013659,RED,0,0,0,6,1,0.3983034,-0.07153827
emilytest4,6.100016,0.4390527,0.8446413,RED,0,0,0,6,1,0.6362351,-0.1521163
emilytest4,6.111127,0.4390527,0.8446413,RED,0,0,0,6,1,0,0
emilytest4,6.122238,3.098854,0.1257291,RED,0,0,0,6,1,2.393821,-0.6470209
emilytest4,6.133349,3.098854,0.1257291,RED,0,0,0,6,1,0,0
emilytest4,6.144461,4.769427,-0.2916087,RED,0,0,0,6,1,1.503515,-0.3756039
emilytest4,6.155572,4.769427,-0.2916087,YELLOW,0,0,0,6,1,0,0
emilytest4,6.166683,6.378731,-0.7669268,YELLOW,0,0,0,6,1,1.448374,-0.4277863
emilytest4,6.177794,7.869179,-1.274454,YELLOW,0,0,0,6,1,1.341403,-0.4567747
emilytest4,6.188906,7.869179,-1.274454,YELLOW,0,0,0,6,1,0,0
emilytest4,6.200017,9.33049,-1.831724,YELLOW,0,0,0,6,1,1.31518,-0.5015428
emilytest4,6.211128,10.83691,-2.475365,YELLOW,0,0,0,6,1,1.355777,-0.579277
emilytest4,6.222239,12.42816,-2.934983,YELLOW,0,0,0,6,1,1.432127,-0.4136561
emilytest4,6.233351,12.42816,-2.934983,YELLOW,0,0,0,6,1,0,0
emilytest4,6.244462,13.72245,-3.275635,YELLOW,0,0,0,6,1,1.164859,-0.3065864
emilytest4,6.255573,14.6354,-3.434425,YELLOW,0,0,0,6,1,0.8216563,-0.1429111
emilytest4,6.266685,14.6354,-3.434425,YELLOW,0,0,0,6,1,0,0
emilytest4,6.277796,14.99918,-3.302304,YELLOW,0,0,0,6,1,0.3274029,0.1189085
emilytest4,6.288907,14.99918,-3.302304,YELLOW,0,0,0,6,1,0,0
emilytest4,6.300018,15.01761,-3.031553,YELLOW,0,0,0,6,1,0.01658678,0.2436761
emilytest4,6.31113,15.01761,-3.031553,YELLOW,0,0,0,6,1,0,0
emilytest4,6.322241,15.07604,-2.784156,YELLOW,0,0,0,6,1,0.05258761,0.2226568
emilytest4,6.333352,15.07604,-2.784156,YELLOW,0,0,0,6,1,0,0
emilytest4,6.344463,15.07924,-2.19852,YELLOW,0,0,0,6,1,0.002877903,0.5270727
emilytest4,6.355575,15.07924,-2.19852,YELLOW,0,0,0,6,1,0,0
emilytest4,6.366686,15.02657,-1.871515,YELLOW,0,0,0,6,1,-0.04740343,0.2943044
emilytest4,6.377797,15.03491,-1.59491,YELLOW,0,0,0,6,1,0.007510185,0.2489445
emilytest4,6.388908,15.00441,-1.376312,YELLOW,0,0,0,6,1,-0.02745724,0.1967383
emilytest4,6.40002,15.00441,-1.376312,YELLOW,0,0,0,6,1,0,0
emilytest4,6.411131,15.00441,-1.376312,YELLOW,0,0,0,6,1,0,0
emilytest4,6.422242,14.96361,-1.143672,YELLOW,0,0,0,6,1,-0.03671408,0.2093759
emilytest4,6.433353,14.96361,-1.143672,YELLOW,0,0,0,6,1,0,0
emilytest4,6.444465,14.97455,-0.5824912,YELLOW,0,0,0,6,1,0.009843064,0.5050627
emilytest4,6.455576,14.99515,-0.3267976,YELLOW,0,0,0,6,1,0.01853857,0.2301243
emilytest4,6.466687,15.0011,-0.1219902,YELLOW,0,0,0,6,1,0.005354977,0.1843266
emilytest4,6.477798,15.0011,-0.1219902,YELLOW,0,0,0,6,1,0,0
emilytest4,6.48891,15.01391,0.0315559,YELLOW,0,0,0,6,1,0.01152706,0.1381915
emilytest4,6.500021,15.01391,0.0315559,YELLOW,0,0,0,6,1,0,0
emilytest4,6.511132,15.01391,0.0315559,YELLOW,0,0,0,6,1,0,0
emilytest4,6.522243,15.01391,0.0315559,YELLOW,0,0,0,6,1,0,0
emilytest4,6.533355,15.03077,0.5386153,YELLOW,0,0,0,6,1,0.01518173,0.4563535
emilytest4,6.544466,15.03077,0.5386153,YELLOW,0,0,0,6,1,0,0
emilytest4,6.555577,15.04739,0.6212351,YELLOW,0,0,0,6,1,0.01495771,0.07435786
emilytest4,6.566689,15.04739,0.6212351,YELLOW,0,0,0,6,1,0,0
emilytest4,6.5778,15.13159,0.6344123,YELLOW,0,0,0,6,1,0.07577991,0.01185944
emilytest4,6.588911,15.14126,0.6624888,YELLOW,0,0,0,6,1,0.008703232,0.02526882
emilytest4,6.600022,15.14126,0.6624888,YELLOW,0,0,0,6,1,0,0
emilytest4,6.611134,14.72486,0.6511937,YELLOW,0,0,0,6,1,-0.3747591,-0.01016557
emilytest4,6.622245,12.71531,1.223248,YELLOW,0,0,0,6,1,-1.808601,0.5148488
emilytest4,6.633356,12.71531,1.223248,YELLOW,0,0,0,6,1,0,0
emilytest4,6.644467,10.97657,1.858873,YELLOW,0,0,0,6,1,-1.564868,0.5720626
emilytest4,6.655579,9.43364,2.528218,YELLOW,0,0,0,6,1,-1.388633,0.6024105
emilytest4,6.66669,7.995135,3.22249,RED,0,0,0,6,1,-1.294655,0.624845
emilytest4,6.677801,7.995135,3.22249,RED,0,0,0,6,1,0,0
emilytest4,6.688912,6.993264,3.71752,RED,0,0,0,6,1,-0.9016844,0.4455265
emilytest4,6.700024,6.993264,3.71752,RED,0,0,0,6,1,0,0
emilytest4,6.711135,6.233932,4.01724,RED,0,0,0,6,1,-0.6833981,0.2697478
emilytest4,6.722246,6.233932,4.01724,RED,0,0,0,6,1,0,0
emilytest4,6.733357,4.681888,4.218338,RED,0,0,0,6,1,-1.39684,0.1809882
emilytest4,6.744469,4.681888,4.218338,RED,0,0,0,6,1,0,0
emilytest4,6.75558,3.57544,3.864141,RED,0,0,0,6,1,-0.9958035,-0.3187773
emilytest4,6.766691,2.561544,3.516435,RED,0,0,0,6,1,-0.9125059,-0.3129353
emilytest4,6.777802,2.561544,3.516435,RED,0,0,0,6,1,0,0
emilytest4,6.788914,1.71349,3.130546,RED,0,0,0,6,1,-0.7632486,-0.3472995
emilytest4,6.800025,1.71349,3.130546,RED,0,0,0,6,1,0,0
emilytest4,6.811136,0.428059,2.189172,RED,0,0,0,6,1,-1.156888,-0.8472372
emilytest4,6.822248,0.428059,2.189172,RED,0,0,0,6,1,0,0
emilytest4,6.833359,0.428059,2.189172,RED,0,0,0,6,1,0,0
emilytest4,6.84447,-0.1638153,1.926956,RED,0,0,0,6,1,-0.5326869,-0.2359936
emilytest4,6.855581,-0.1638153,1.926956,RED,0,0,0,6,1,0,0
emilytest4,6.866693,-0.1638153,1.926956,RED,0,0,0,6,1,0,0
emilytest4,6.877804,-0.2871832,1.841615,RED,0,0,0,6,1,-0.1110311,-0.0768071
emilytest4,6.888915,-0.2615512,1.640289,RED,0,0,0,6,1,0.02306879,-0.1811936
emilytest4,6.900026,-0.06321604,1.325717,RED,0,0,0,6,1,0.1785017,-0.2831149
emilytest4,6.911138,0.3760785,0.8784944,RED,0,0,0,6,1,0.395365,-0.4025002
emilytest4,6.922249,0.3760785,0.8784944,RED,0,0,0,6,1,0,0
emilytest4,6.93336,0.9375958,0.4183515,RED,0,0,0,6,1,0.5053656,-0.4141286
emilytest4,6.944471,1.54178,0.03621881,RED,0,0,0,6,1,0.5437661,-0.3439194
emilytest4,6.955583,1.54178,0.03621881,RED,0,0,0,6,1,0,0
emilytest4,6.966694,2.319215,-0.1417479,RED,0,0,0,6,1,0.6996913,-0.16017
emilytest4,6.977805,3.329574,-0.172565,RED,0,0,0,6,1,0.9093231,-0.02773541
emilytest4,6.988916,3.329574,-0.172565,YELLOW,0,0,0,6,1,0,0
emilytest4,7.000028,4.515241,-0.1999055,YELLOW,0,0,0,6,1,1.0671,-0.02460646
emilytest4,7.011139,5.697121,-0.3276035,YELLOW,0,0,0,6,1,1.063692,-0.1149282
emilytest4,7.02225,6.82681,-0.5050099,YELLOW,0,0,0,6,1,1.016721,-0.1596657
emilytest4,7.033361,6.82681,-0.5050099,YELLOW,0,0,0,6,1,0,0
emilytest4,7.044473,7.897355,-0.8314863,YELLOW,0,0,0,6,1,0.9634898,-0.2938288
emilytest4,7.055584,9.05878,-1.281544,YELLOW,0,0,0,6,1,1.045283,-0.4050517
emilytest4,7.066695,9.05878,-1.281544,YELLOW,0,0,0,6,1,0,0
emilytest4,7.077806,10.45656,-1.848058,YELLOW,0,0,0,6,1,1.257999,-0.5098633
emilytest4,7.088918,10.45656,-1.848058,YELLOW,0,0,0,6,1,0,0
emilytest4,7.100029,11.98267,-2.396907,YELLOW,0,0,0,6,1,1.373502,-0.4939637
emilytest4,7.11114,13.46332,-2.808059,YELLOW,0,0,0,6,1,1.332582,-0.3700369
emilytest4,7.122252,14.64428,-3.071784,YELLOW,0,0,0,6,1,1.06287,-0.2373528
emilytest4,7.133363,14.64428,-3.071784,YELLOW,0,0,0,6,1,0,0
emilytest4,7.144474,15.07189,-3.058769,YELLOW,0,0,0,6,1,0.3848468,0.01171417
emilytest4,7.155585,15.08577,-2.876297,YELLOW,0,0,0,6,1,0.01249008,0.1642241
emilytest4,7.166697,15.08577,-2.876297,YELLOW,0,0,0,6,1,0,0
emilytest4,7.177808,15.09558,-2.670918,YELLOW,0,0,0,6,1,0.008833694,0.1848418
emilytest4,7.188919,15.07761,-2.424761,YELLOW,0,0,0,6,1,-0.01617737,0.2215412
emilytest4,7.20003,15.07761,-2.424761,YELLOW,0,0,0,6,1,0,0
emilytest4,7.211142,15.05087,-2.201513,YELLOW,0,0,0,6,1,-0.02406263,0.2009234
emilytest4,7.222253,15.00989,-1.99798,YELLOW,0,0,0,6,1,-0.03688145,0.1831797
emilytest4,7.233364,14.99991,-1.807515,YELLOW,0,0,0,6,1,-0.008984757,0.1714185
emilytest4,7.244475,14.99991,-1.807515,YELLOW,0,0,0,6,1,0,0
emilytest4,7.255587,14.9388,-1.611857,YELLOW,0,0,0,6,1,-0.05500031,0.176092
emilytest4,7.266698,14.94413,-1.417696,YELLOW,0,0,0,6,1,0.00479536,0.1747448
emilytest4,7.277809,14.94413,-1.417696,YELLOW,0,0,0,6,1,0,0
emilytest4,7.28892,14.866,-1.20185,YELLOW,0,0,0,6,1,-0.07031079,0.1942609
emilytest4,7.300032,14.84977,-1.002144,YELLOW,0,0,0,6,1,-0.01461267,0.1797362
emilytest4,7.311143,14.8585,-0.7887949,YELLOW,0,0,0,6,1,0.007856941,0.1920137
emilytest4,7.322254,14.8585,-0.7887949,YELLOW,0,0,0,6,1,0,0
emilytest4,7.333365,14.8585,-0.7887949,YELLOW,0,0,0,6,1,0,0
emilytest4,7.344477,14.88422,-0.3864875,YELLOW,0,0,0,6,1,0.02315455,0.3620767
emilytest4,7.355588,14.88422,-0.3864875,YELLOW,0,0,0,6,1,0,0
emilytest4,7.366699,14.92469,-0.1891004,YELLOW,0,0,0,6,1,0.03641453,0.1776484
emilytest4,7.37781,14.91028,-0.04579395,YELLOW,0,0,0,6,1,-0.01296902,0.1289758
emilytest4,7.388922,14.91028,-0.04579395,YELLOW,0,0,0,6,1,0,0
emilytest4,7.400033,14.91028,-0.04579395,YELLOW,0,0,0,6,1,0,0
emilytest4,7.411144,14.98426,0.1025358,YELLOW,0,0,0,6,1,0.0665883,0.1334968
emilytest4,7.422256,14.98426,0.1025358,YELLOW,0,0,0,6,1,0,0
emilytest4,7.433367,15.09269,0.3449113,YELLOW,0,0,0,6,1,0.09758864,0.2181379
emilytest4,7.444478,15.09269,0.3449113,YELLOW,0,0,0,6,1,0,0
emilytest4,7.455589,15.09269,0.3449113,YELLOW,0,0,0,6,1,0,0
emilytest4,7.466701,15.23944,0.5389776,YELLOW,0,0,0,6,1,0.1320728,0.1746597
emilytest4,7.477812,15.23944,0.5389776,YELLOW,0,0,0,6,1,0,0
emilytest4,7.488923,15.23944,0.5389776,YELLOW,0,0,0,6,1,0,0
emilytest4,7.500034,15.32742,0.6741405,YELLOW,0,0,0,6,1,0.07918052,0.1216467
emilytest4,7.511146,15.39571,0.7893345,YELLOW,0,0,0,6,1,0.06145992,0.1036746
emilytest4,7.522257,15.41161,0.8375278,YELLOW,0,0,0,6,1,0.01431227,0.04337389
emilytest4,7.533368,15.41161,0.8375278,YELLOW,0,0,0,6,1,0,0
emilytest4,7.544479,15.33902,0.858866,YELLOW,0,0,0,6,1,-0.06532917,0.0192044
emilytest4,7.555591,14.36505,1.044819,YELLOW,0,0,0,6,1,-0.8765802,0.1673578
emilytest4,7.566702,13.14855,1.397662,YELLOW,0,0,0,6,1,-1.094846,0.3175587
emilytest4,7.577813,13.14855,1.397662,YELLOW,0,0,0,6,1,0,0
emilytest4,7.588924,13.14855,1.397662,YELLOW,0,0,0,6,1,0,0
emilytest4,7.600036,11.58283,2.061772,YELLOW,0,0,0,6,1,-1.409148,0.5976985
emilytest4,7.611147,11.58283,2.061772,YELLOW,0,0,0,6,1,0,0
emilytest4,7.622258,11.58283,2.061772,YELLOW,0,0,0,6,1,0,0
emilytest4,7.633369,10.92181,2.339914,YELLOW,0,0,0,6,1,-0.5949174,0.2503282
emilytest4,7.644481,10.13718,2.661736,YELLOW,0,0,0,6,1,-0.7061651,0.2896393
emilytest4,7.655592,10.13718,2.661736,RED,0,0,0,6,1,0,0
emilytest4,7.666703,9.842982,2.784629,RED,0,0,0,6,1,-0.26478,0.1106044
emilytest4,7.677814,9.62343,2.772358,RED,0,0,0,6,1,-0.1975968,-0.01104448
emilytest4,7.688926,9.62343,2.772358,RED,0,0,0,6,1,0,0
emilytest4,7.700037,9.645791,2.729761,RED,0,0,0,6,1,0.02012472,-0.03833713
emilytest4,7.711148,9.789197,2.576682,RED,0,0,0,6,1,0.1290653,-0.1377707
emilytest4,7.72226,9.789197,2.576682,RED,0,0,0,6,1,0,0
emilytest4,7.733371,9.904082,2.405805,RED,0,0,0,6,1,0.1033968,-0.1537893
emilytest4,7.744482,9.586014,2.332937,YELLOW,0,0,0,6,1,-0.2862616,-0.0655813
emilytest4,7.755593,9.093088,2.346267,YELLOW,0,0,0,6,1,-0.4436331,0.01199634
emilytest4,7.766705,9.093088,2.346267,YELLOW,0,0,0,6,1,0,0
emilytest4,7.777816,8.566188,2.389415,YELLOW,0,0,0,6,1,-0.4742102,0.03883324
emilytest4,7.788927,8.566188,2.389415,YELLOW,0,0,0,6,1,0,0
emilytest4,7.800038,8.0875,2.469801,YELLOW,0,0,0,6,1,-0.4308194,0.07234776
emilytest4,7.81115,7.658475,2.55329,RED,0,0,0,6,1,-0.3861222,0.07514048
emilytest4,7.822261,7.658475,2.55329,RED,0,0,0,6,1,0,0
emilytest4,7.833372,7.134744,2.641878,RED,0,0,0,6,1,-0.4713581,0.07972898
emilytest4,7.844483,6.60656,2.784154,RED,0,0,0,6,1,-0.4753651,0.1280482
emilytest4,7.855595,6.60656,2.784154,RED,0,0,0,6,1,0,0
emilytest4,7.866706,5.936955,2.964754,RED,0,0,0,6,1,-0.6026443,0.1625399
emilytest4,7.877817,5.265649,3.121829,RED,0,0,0,6,1,-0.6041755,0.1413672
emilytest4,7.888928,5.265649,3.121829,RED,0,0,0,6,1,0,0
emilytest4,7.90004,4.710293,3.236644,RED,0,0,0,6,1,-0.4998208,0.1033337
emilytest4,7.911151,3.953964,3.240677,RED,0,0,0,6,1,-0.6806961,0.003629565
emilytest4,7.922262,3.097016,3.198217,RED,0,0,0,6,1,-0.7712529,-0.03821397
emilytest4,7.933373,3.097016,3.198217,RED,0,0,0,6,1,0,0
emilytest4,7.944485,2.318056,3.18992,RED,0,0,0,6,1,-0.7010642,-0.007467055
emilytest4,7.955596,1.567406,3.196329,RED,0,0,0,6,1,-0.6755846,0.005768252
emilytest4,7.966707,0.894472,3.173434,RED,0,0,0,6,1,-0.6056408,-0.02060559
emilytest4,7.977818,0.894472,3.173434,RED,0,0,0,6,1,0,0
emilytest4,7.98893,0.2433549,3.145727,RED,0,0,0,6,1,-0.5860053,-0.02493639
emilytest4,8.000041,0.2433549,3.145727,RED,0,0,0,6,1,0,0
emilytest4,8.011152,-0.3691331,3.133426,RED,0,0,0,6,1,-0.5512392,-0.01107087
emilytest4,8.022264,-0.9293541,3.088064,RED,0,0,0,6,1,-0.5041989,-0.0408258
emilytest4,8.033375,-1.457914,3.034816,RED,0,0,0,6,1,-0.475704,-0.04792356
emilytest4,8.044486,-1.457914,3.034816,RED,0,0,0,6,1,0,0
emilytest4,8.055597,-1.959603,2.968899,RED,0,0,0,6,1,-0.4515204,-0.0593251
emilytest4,8.066709,-2.431425,2.818057,RED,0,0,0,6,1,-0.4246395,-0.1357575
emilytest4,8.07782,-2.946376,2.582825,RED,0,0,0,6,1,-0.4634556,-0.2117091
emilytest4,8.088931,-2.946376,2.582825,RED,0,0,0,6,1,0,0
emilytest4,8.100042,-3.385605,2.364699,RED,0,0,0,6,1,-0.3953065,-0.1963128
emilytest4,8.111154,-3.385605,2.364699,RED,0,0,0,6,1,0,0
emilytest4,8.122265,-4.1273,1.81124,RED,0,0,0,6,1,-0.6675254,-0.4981135
emilytest4,8.133376,-4.1273,1.81124,RED,0,0,0,6,1,0,0
emilytest4,8.144487,-4.1273,1.81124,RED,0,0,0,6,1,0,0
emilytest4,8.155599,-4.388191,1.563786,RED,0,0,0,6,1,-0.2348019,-0.2227084
emilytest4,8.16671,-4.622262,1.3465,RED,0,0,0,6,1,-0.2106633,-0.1955578
emilytest4,8.177821,-4.875779,1.211336,RED,0,0,0,6,1,-0.2281654,-0.1216474
emilytest4,8.188932,-4.875779,1.211336,RED,0,0,0,6,1,0,0
emilytest4,8.200044,-4.875779,1.211336,RED,0,0,0,6,1,0,0
emilytest4,8.211155,-5.532536,1.071855,RED,0,0,0,6,1,-0.5910816,-0.1255324
emilytest4,8.222266,-5.532536,1.071855,RED,0,0,0,6,1,0,0
emilytest4,8.233377,-5.920896,1.014529,RED,0,0,0,6,1,-0.349524,-0.05159326
emilytest4,8.244489,-6.203575,0.9411395,RED,0,0,0,6,1,-0.2544107,-0.06605101
emilytest4,8.2556,-6.203575,0.9411395,RED,0,0,0,6,1,0,0
emilytest4,8.266711,-6.408522,0.8406731,RED,0,0,0,6,1,-0.1844527,-0.09041967
emilytest4,8.277822,-6.408522,0.8406731,RED,0,0,0,6,1,0,0
emilytest4,8.288934,-6.631299,0.6149312,RED,0,0,0,6,1,-0.2004996,-0.2031677
emilytest4,8.300045,-6.631299,0.6149312,RED,0,0,0,6,1,0,0
emilytest4,8.311156,-6.606921,0.4888585,RED,0,0,0,6,1,0.0219409,-0.1134655
emilytest4,8.322268,-6.642696,0.4596326,RED,0,0,0,6,1,-0.03219809,-0.02630327
emilytest4,8.333379,-6.528847,0.337497,RED,0,0,0,6,1,0.1024642,-0.1099221
emilytest4,8.34449,-6.40887,0.1764546,RED,0,0,0,6,1,0.1079793,-0.1449381
emilytest4,8.355601,-6.40887,0.1764546,RED,0,0,0,6,1,0,0
emilytest4,8.366713,-6.296854,0.0358695,RED,0,0,0,6,1,0.100815,-0.1265266
emilytest4,8.377824,-6.235181,-0.1340235,RED,0,0,0,6,1,0.05550499,-0.1529037
emilytest4,8.388935,-6.235181,-0.1340235,RED,0,0,0,6,1,0,0
emilytest4,8.400046,-6.229557,-0.2473881,RED,0,0,0,6,1,0.005061865,-0.1020282
emilytest4,8.411158,-6.101072,-0.3702331,RED,0,0,0,6,1,0.1156367,-0.1105605
emilytest4,8.422269,-6.086995,-0.458407,RED,0,0,0,6,1,0.01266904,-0.07935656
emilytest4,8.43338,-6.086995,-0.458407,RED,0,0,0,6,1,0,0
emilytest4,8.444491,-5.944556,-0.5034686,RED,0,0,0,6,1,0.128195,-0.04055538
emilytest4,8.455603,-5.810637,-0.5324094,RED,0,0,0,6,1,0.1205273,-0.02604672
emilytest4,8.466714,-5.810637,-0.5324094,RED,0,0,0,6,1,0,0
emilytest4,8.477825,-5.679493,-0.5276595,RED,0,0,0,6,1,0.1180292,0.004274905
emilytest4,8.488936,-5.679493,-0.5276595,RED,0,0,0,6,1,0,0
emilytest4,8.500048,-5.504867,-0.5412256,RED,0,0,0,6,1,0.1571637,-0.01220952
emilytest4,8.511159,-5.323803,-0.5811774,RED,0,0,0,6,1,0.1629577,-0.03595657
emilytest4,8.52227,-5.114729,-0.6028677,RED,0,0,0,6,1,0.1881662,-0.01952133
emilytest4,8.533381,-5.114729,-0.6028677,RED,0,0,0,6,1,0,0
emilytest4,8.544493,-4.886566,-0.615571,RED,0,0,0,6,1,0.2053473,-0.01143292
emilytest4,8.555604,-4.687101,-0.6492823,RED,0,0,0,6,1,0.1795183,-0.03034024
emilytest4,8.566715,-4.480966,-0.6926503,RED,0,0,0,6,1,0.1855213,-0.03903113
emilytest4,8.577826,-4.480966,-0.6926503,RED,0,0,0,6,1,0,0
emilytest4,8.588938,-4.201618,-0.8045665,RED,0,0,0,6,1,0.2514135,-0.1007246
emilytest4,8.600049,-4.201618,-0.8045665,RED,0,0,0,6,1,0,0
emilytest4,8.61116,-4.009328,-0.968466,RED,0,0,0,6,1,0.1730608,-0.1475096
emilytest4,8.622272,-3.766071,-1.104469,RED,0,0,0,6,1,0.2189315,-0.1224027
emilytest4,8.633383,-3.479015,-1.107535,RED,0,0,0,6,1,0.2583497,-0.002759457
emilytest4,8.644494,-3.479015,-1.107535,RED,0,0,0,6,1,0,0
emilytest4,8.655605,-3.236182,-1.067597,RED,0,0,0,6,1,0.2185502,0.03594407
emilytest4,8.666717,-3.236182,-1.067597,RED,0,0,0,6,1,0,0
emilytest4,8.677828,-2.999411,-1.019867,RED,0,0,0,6,1,0.213094,0.04295751
emilytest4,8.688939,-2.805771,-0.9839123,RED,0,0,0,6,1,0.1742753,0.03235897
emilytest4,8.70005,-2.606527,-0.9515359,RED,0,0,0,6,1,0.1793203,0.02913877
emilytest4,8.711162,-2.606527,-0.9515359,RED,0,0,0,6,1,0,0
emilytest4,8.722273,-2.606527,-0.9515359,RED,0,0,0,6,1,0,0
emilytest4,8.733384,-2.258556,-1.027868,RED,0,0,0,6,1,0.3131734,-0.06869872
emilytest4,8.744495,-2.258556,-1.027868,RED,0,0,0,6,1,0,0
emilytest4,8.755607,-1.981484,-1.103445,RED,0,0,0,6,1,0.2493648,-0.06801932
emilytest4,8.766718,-1.640143,-1.257313,RED,0,0,0,6,1,0.3072073,-0.1384809
emilytest4,8.777829,-1.237112,-1.435846,RED,0,0,0,6,1,0.3627273,-0.1606803
emilytest4,8.78894,-1.237112,-1.435846,RED,0,0,0,6,1,0,0
emilytest4,8.800052,-0.8203744,-1.628506,RED,0,0,0,6,1,0.375064,-0.173394
emilytest4,8.811163,-0.3754998,-1.733339,RED,0,0,0,6,1,0.4003872,-0.09434949
emilytest4,8.822274,-0.3754998,-1.733339,RED,0,0,0,6,1,0,0
emilytest4,8.833385,0.1117876,-1.780341,RED,0,0,0,6,1,0.4385586,-0.04230219
emilytest4,8.844497,0.1117876,-1.780341,RED,0,0,0,6,1,0,0
emilytest4,8.855608,0.7382334,-1.797826,RED,0,0,0,6,1,0.5638012,-0.01573609
emilytest4,8.866719,1.295315,-1.762509,RED,0,0,0,6,1,0.5013736,0.03178503
emilytest4,8.877831,1.295315,-1.762509,RED,0,0,0,6,1,0,0
emilytest4,8.888942,1.878045,-1.724176,RED,0,0,0,6,1,0.5244568,0.03449997
emilytest4,8.900053,1.878045,-1.724176,RED,0,0,0,6,1,0,0
emilytest4,8.911164,2.812779,-1.512413,RED,0,0,0,6,1,0.8412602,0.1905864
emilytest4,8.922276,2.812779,-1.512413,RED,0,0,0,6,1,0,0
emilytest4,8.933387,3.084873,-1.424875,RED,0,0,0,6,1,0.2448846,0.07878431
emilytest4,8.944498,3.305047,-1.364217,RED,0,0,0,6,1,0.1981564,0.05459271
emilytest4,8.955609,3.305047,-1.364217,RED,0,0,0,6,1,0,0
emilytest4,8.966721,3.305047,-1.364217,RED,0,0,0,6,1,0,0
emilytest4,8.977832,3.424819,-1.338874,RED,0,0,0,6,1,0.1077954,0.0228079
emilytest4,8.988943,3.524031,-1.196495,YELLOW,0,0,0,6,1,0.08929052,0.1281415
emilytest4,9.000054,3.524031,-1.196495,YELLOW,0,0,0,6,1,0,0
emilytest4,9.011166,3.479561,-1.066555,YELLOW,0,0,0,6,1,-0.04002307,0.116946
emilytest4,9.022277,3.32304,-0.9501289,YELLOW,0,0,0,6,1,-0.1408683,0.1047836
emilytest4,9.033388,3.32304,-0.9501289,YELLOW,0,0,0,6,1,0,0
emilytest4,9.044499,3.049777,-0.8855805,YELLOW,0,0,0,6,1,-0.2459373,0.05809353
emilytest4,9.055611,3.049777,-0.8855805,RED,0,0,0,6,1,0,0
emilytest4,9.066722,2.770477,-0.8812837,RED,0,0,0,6,1,-0.25137,0.003867102
emilytest4,9.077833,2.39686,-0.8739549,RED,0,0,0,6,1,-0.3362555,0.006595927
emilytest4,9.088944,2.39686,-0.8739549,RED,0,0,0,6,1,0,0
emilytest4,9.100056,1.96666,-0.8343455,RED,0,0,0,6,1,-0.38718,0.03564844
emilytest4,9.111167,1.443193,-0.7489256,RED,0,0,0,6,1,-0.4711202,0.07687791
emilytest4,9.122278,0.8421918,-0.6456908,RED,0,0,0,6,1,-0.5409008,0.09291134
emilytest4,9.133389,0.8421918,-0.6456908,RED,0,0,0,6,1,0,0
emilytest4,9.144501,0.8421918,-0.6456908,RED,0,0,0,6,1,0,0
emilytest4,9.155612,-0.2408186,-0.4108738,RED,0,0,0,6,1,-0.9747093,0.2113353
emilytest4,9.166723,-0.2408186,-0.4108738,RED,0,0,0,6,1,0,0
emilytest4,9.177835,-0.2408186,-0.4108738,RED,0,0,0,6,1,0,0
emilytest4,9.188946,-0.791564,-0.2615632,RED,0,0,0,6,1,-0.4956709,0.1343795
emilytest4,9.200057,-1.381975,-0.1315789,RED,0,0,0,6,1,-0.5313696,0.1169859
emilytest4,9.211168,-2.086379,0.02640343,RED,0,0,0,6,1,-0.6339635,0.1421841
emilytest4,9.22228,-2.086379,0.02640343,RED,0,0,0,6,1,0,0
emilytest4,9.233391,-2.896404,0.1259787,RED,0,0,0,6,1,-0.7290229,0.08961776
emilytest4,9.244502,-3.711526,0.2025926,RED,0,0,0,6,1,-0.7336097,0.06895252
emilytest4,9.255613,-4.640552,0.2321699,RED,0,0,0,6,1,-0.836123,0.02661954
emilytest4,9.266725,-5.56351,0.2901298,RED,0,0,0,6,1,-0.8306625,0.05216392
emilytest4,9.277836,-5.56351,0.2901298,RED,0,0,0,6,1,0,0
emilytest4,9.288947,-5.56351,0.2901298,RED,0,0,0,6,1,0,0
emilytest4,9.300058,-6.487157,0.3247624,RED,0,0,0,6,1,-0.8312822,0.03116931
emilytest4,9.31117,-7.470468,0.2955602,RED,0,0,0,6,1,-0.8849796,-0.02628197
emilytest4,9.322281,-8.376895,0.2566077,RED,0,0,0,6,1,-0.8157846,-0.03505728
emilytest4,9.333392,-8.376895,0.2566077,RED,0,0,0,6,1,0,0
emilytest4,9.344503,-10.14173,0.2205448,RED,0,0,0,6,1,-1.588352,-0.03245655
emilytest4,9.355615,-10.14173,0.2205448,RED,0,0,0,6,1,0,0
emilytest4,9.366726,-10.88784,0.1816977,RED,0,0,0,6,1,-0.6714947,-0.03496237
emilytest4,9.377837,-10.88784,0.1816977,RED,0,0,0,6,1,0,0
emilytest4,9.388948,-11.55729,0.1068623,RED,0,0,0,6,1,-0.60251,-0.06735189
emilytest4,9.40006,-12.13685,0.04799832,RED,0,0,0,6,1,-0.5216042,-0.05297758
emilytest4,9.411171,-12.13685,0.04799832,RED,0,0,0,6,1,0,0
emilytest4,9.422282,-12.8284,-0.0705032,RED,0,0,0,6,1,-0.6223969,-0.1066514
emilytest4,9.433393,-13.52545,-0.2369585,RED,0,0,0,6,1,-0.6273451,-0.1498098
emilytest4,9.444505,-13.52545,-0.2369585,RED,0,0,0,6,1,0,0
emilytest4,9.455616,-14.10534,-0.455753,RED,0,0,0,6,1,-0.5218952,-0.196915
emilytest4,9.466727,-14.10534,-0.455753,RED,0,0,0,6,1,0,0
emilytest4,9.477839,-14.59104,-0.6669049,RED,0,0,0,6,1,-0.4371357,-0.1900367
emilytest4,9.48895,-14.84765,-0.7933586,RED,0,0,0,6,1,-0.2309481,-0.1138084
emilytest4,9.500061,-14.84765,-0.7933586,RED,0,0,0,6,1,0,0
emilytest4,9.511172,-14.84765,-0.7933586,RED,0,0,0,6,1,0,0
emilytest4,9.522284,-14.90309,-0.8653662,RED,0,0,0,6,1,-0.0498951,-0.06480683
emilytest4,9.533395,-14.97577,-0.9321927,RED,0,0,0,6,1,-0.06541242,-0.06014387
emilytest4,9.544506,-14.97577,-0.9321927,RED,0,0,0,6,1,0,0
emilytest4,9.555617,-14.96995,-0.8930878,RED,0,0,0,6,1,0.005237388,0.03519445
emilytest4,9.566729,-14.92322,-0.8767301,RED,0,0,0,6,1,0.04206219,0.01472189
emilytest4,9.57784,-14.85667,-0.7854739,RED,0,0,0,6,1,0.0598918,0.08213063
emilytest4,9.588951,-14.85667,-0.7854739,RED,0,0,0,6,1,0,0
emilytest4,9.600062,-14.85667,-0.7854739,RED,0,0,0,6,1,0,0
emilytest4,9.611174,-13.90082,-0.6264979,RED,0,0,0,6,1,0.8602681,0.1430784
emilytest4,9.622285,-13.90082,-0.6264979,RED,0,0,0,6,1,0,0
emilytest4,9.633396,-13.29616,-0.4624816,RED,0,0,0,6,1,0.544188,0.1476147
emilytest4,9.644507,-12.79811,-0.3567236,RED,0,0,0,6,1,0.4482525,0.09518218
emilytest4,9.655619,-12.79811,-0.3567236,RED,0,0,0,6,1,0,0
emilytest4,9.66673,-12.33913,-0.1783193,RED,0,0,0,6,1,0.4130808,0.1605639
emilytest4,9.677841,-11.91887,-0.0953911,RED,0,0,0,6,1,0.3782309,0.07463538
emilytest4,9.688952,-11.91887,-0.0953911,RED,0,0,0,6,1,0,0
emilytest4,9.700064,-11.51964,0.004413886,RED,0,0,0,6,1,0.3593079,0.08982448
emilytest4,9.711175,-11.51964,0.004413886,RED,0,0,0,6,1,0,0
emilytest4,9.722286,-10.68295,0.1037658,RED,0,0,0,6,1,0.7530175,0.08941676
emilytest4,9.733397,-10.68295,0.1037658,RED,0,0,0,6,1,0,0
emilytest4,9.744509,-10.21802,0.1498524,RED,0,0,0,6,1,0.4184366,0.04147791
emilytest4,9.75562,-10.21802,0.1498524,RED,0,0,0,6,1,0,0
emilytest4,9.766731,-9.699447,0.1979095,RED,0,0,0,6,1,0.4667189,0.04325136
emilytest4,9.777843,-9.202424,0.1780995,RED,0,0,0,6,1,0.4473204,-0.01782899
emilytest4,9.788954,-9.202424,0.1780995,RED,0,0,0,6,1,0,0
emilytest4,9.800065,-7.592761,0.1484904,RED,0,0,0,6,1,1.448697,-0.02664816
emilytest4,9.811176,-7.592761,0.1484904,RED,0,0,0,6,1,0,0
emilytest4,9.822288,-6.790347,0.2842353,RED,0,0,0,6,1,0.7221726,0.1221704
emilytest4,9.833399,-6.790347,0.2842353,RED,0,0,0,6,1,0,0
emilytest4,9.84451,-6.072692,0.4582352,RED,0,0,0,6,1,0.6458892,0.1565999
emilytest4,9.855621,-5.420983,0.6151369,RED,0,0,0,6,1,0.5865381,0.1412115
emilytest4,9.866733,-5.420983,0.6151369,RED,0,0,0,6,1,0,0
emilytest4,9.877844,-5.420983,0.6151369,RED,0,0,0,6,1,0,0
emilytest4,9.888955,-4.260224,0.8408342,RED,0,0,0,6,1,1.044683,0.2031275
emilytest4,9.900066,-4.260224,0.8408342,RED,0,0,0,6,1,0,0
emilytest4,9.911178,-3.589097,0.8873757,RED,0,0,0,6,1,0.6040146,0.04188736
emilytest4,9.922289,-3.589097,0.8873757,RED,0,0,0,6,1,0,0
emilytest4,9.9334,-3.589097,0.8873757,RED,0,0,0,6,1,0,0
emilytest4,9.944511,-2.965302,0.9414616,RED,0,0,0,6,1,0.5614151,0.04867726
emilytest4,9.955623,-1.749654,1.001085,RED,0,0,0,6,1,1.094083,0.05366081
emilytest4,9.966734,-1.350746,0.9681647,RED,0,0,0,6,1,0.3590172,-0.02962795
emilytest4,9.977845,-1.350746,0.9681647,RED,0,0,0,6,1,0,0
emilytest4,9.988956,-0.994535,1.025256,RED,0,0,0,6,1,0.32059,0.05138238
emilytest4,10.00007,-0.994535,1.025256,RED,0,0,0,6,1,0,0
emilytest4,10.01118,-0.6402692,1.008203,RED,0,0,0,5,2,0.3188392,-0.01534814
emilytest4,10.02229,1.45145,1.243121,GREEN,0,0,0,5,2,1.882547,0.2114265
emilytest4,10.0334,1.45145,1.243121,GREEN,0,0,0,5,2,0,0
emilytest4,10.04451,1.45145,1.243121,GREEN,0,0,0,5,2,0,0
emilytest4,10.05562,1.45145,1.243121,GREEN,0,0,0,5,2,0,0
emilytest4,10.06674,1.45145,1.243121,GREEN,0,0,0,5,2,0,0
emilytest4,10.07785,1.45145,1.243121,GREEN,0,0,0,5,2,0,0
emilytest4,10.08896,1.45145,1.243121,GREEN,0,0,0,5,2,0,0
emilytest4,10.10007,1.45145,1.243121,GREEN,0,0,0,5,2,0,0
emilytest4,10.11118,1.45145,1.243121,GREEN,0,0,0,5,2,0,0
emilytest4,10.12229,1.45145,1.243121,GREEN,0,0,0,5,2,0,0
emilytest4,10.1334,1.74726,1.129532,GREEN,0,0,0,5,2,0.2662289,-0.10223
emilytest4,10.14451,1.74726,1.129532,GREEN,0,0,0,5,2,0,0
emilytest4,10.15563,2.09011,1.130453,GREEN,0,0,0,5,2,0.3085645,0.000828588
emilytest4,10.16674,2.09011,1.130453,YELLOW,0,0,0,5,2,0,0
emilytest4,10.17785,2.408891,1.134661,YELLOW,0,0,0,5,2,0.286903,0.003787494
emilytest4,10.18896,2.714545,1.126725,YELLOW,0,0,0,5,2,0.2750893,-0.007142508
emilytest4,10.20007,3.031195,1.123166,YELLOW,0,0,0,5,2,0.2849847,-0.003202772
emilytest4,10.21118,3.031195,1.123166,YELLOW,0,0,0,5,2,0,0
emilytest4,10.22229,3.285805,1.078466,YELLOW,0,0,0,5,2,0.2291486,-0.04023067
emilytest4,10.2334,3.569075,1.003817,YELLOW,0,0,0,5,2,0.2549429,-0.06718397
emilytest4,10.24452,3.569075,1.003817,YELLOW,0,0,0,5,2,0,0
emilytest4,10.25563,3.899548,0.9530284,YELLOW,0,0,0,5,2,0.2974259,-0.04570956
emilytest4,10.26674,4.293556,0.9382449,YELLOW,0,0,0,5,2,0.3546076,-0.0133052
emilytest4,10.27785,4.293556,0.9382449,YELLOW,0,0,0,5,2,0,0
emilytest4,10.28896,4.627141,0.9329458,YELLOW,0,0,0,5,2,0.3002263,-0.004769129
emilytest4,10.30007,5.019144,0.9489357,YELLOW,0,0,0,5,2,0.3528023,0.01439091
emilytest4,10.31118,5.019144,0.9489357,YELLOW,0,0,0,5,2,0,0
emilytest4,10.32229,5.019144,0.9489357,YELLOW,0,0,0,5,2,0,0
emilytest4,10.33341,5.491997,0.9676397,YELLOW,0,0,0,5,2,0.4255679,0.01683354
emilytest4,10.34452,6.568369,0.9612498,YELLOW,0,0,0,5,2,0.9687349,-0.005750871
emilytest4,10.35563,6.568369,0.9612498,YELLOW,0,0,0,5,2,0,0
emilytest4,10.36674,7.200753,0.992826,YELLOW,0,0,0,5,2,0.5691459,0.02841859
emilytest4,10.37785,7.200753,0.992826,YELLOW,0,0,0,5,2,0,0
emilytest4,10.38896,7.820716,1.002731,YELLOW,0,0,0,5,2,0.5579668,0.008914751
emilytest4,10.40007,8.408961,1.02007,YELLOW,0,0,0,5,2,0.5294204,0.01560477
emilytest4,10.41118,8.892363,1.031803,RED,0,0,0,5,2,0.4350612,0.01056018
emilytest4,10.4223,8.892363,1.031803,RED,0,0,0,5,2,0,0
emilytest4,10.43341,9.365772,1.016784,RED,0,0,0,5,2,0.4260687,-0.0135179
emilytest4,10.44452,9.909868,0.9813377,RED,0,0,0,5,2,0.4896864,-0.03190128
emilytest4,10.45563,9.909868,0.9813377,RED,0,0,0,5,2,0,0
emilytest4,10.46674,10.42176,0.8706474,RED,0,0,0,5,2,0.4607022,-0.09962132
emilytest4,10.47785,10.8207,0.8346965,RED,0,0,0,5,2,0.3590478,-0.03235581
emilytest4,10.48896,10.8207,0.8346965,RED,0,0,0,5,2,0,0
emilytest4,10.50007,11.11455,0.8136738,RED,0,0,0,5,2,0.2644615,-0.01892041
emilytest4,10.51119,11.11455,0.8136738,RED,0,0,0,5,2,0,0
emilytest4,10.5223,11.56319,0.8078874,RED,0,0,0,5,2,0.4037741,-0.005207777
emilytest4,10.53341,11.56319,0.8078874,RED,0,0,0,5,2,0,0
emilytest4,10.54452,11.71916,0.8130478,RED,0,0,0,5,2,0.1403735,0.004644406
emilytest4,10.55563,11.78359,0.8191335,RED,0,0,0,5,2,0.05798636,0.005477071
emilytest4,10.56674,11.78359,0.8191335,RED,0,0,0,5,2,0,0
emilytest4,10.57785,11.82647,0.8413635,RED,0,0,0,5,2,0.03859463,0.02000708
emilytest4,10.58896,11.79036,0.8595428,RED,0,0,0,5,2,-0.03249893,0.01636137
emilytest4,10.60008,11.79036,0.8595428,RED,0,0,0,5,2,0,0
emilytest4,10.61119,11.72972,0.9433659,RED,0,0,0,5,2,-0.05457459,0.07544072
emilytest4,10.6223,11.72972,0.9433659,RED,0,0,0,5,2,0,0
emilytest4,10.63341,11.64383,1.076284,RED,0,0,0,5,2,-0.07729997,0.1196265
emilytest4,10.64452,11.64383,1.076284,RED,0,0,0,5,2,0,0
emilytest4,10.65563,11.64383,1.076284,RED,0,0,0,5,2,0,0
emilytest4,10.66674,11.40022,1.156607,RED,0,0,0,5,2,-0.2192485,0.07229036
emilytest4,10.67785,11.40022,1.156607,RED,0,0,0,5,2,0,0
emilytest4,10.68897,11.40022,1.156607,RED,0,0,0,5,2,0,0
emilytest4,10.70008,11.23366,1.193385,RED,0,0,0,5,2,-0.1499016,0.03310007
emilytest4,10.71119,11.0959,1.214599,RED,0,0,0,5,2,-0.1239919,0.01909293
emilytest4,10.7223,10.90285,1.22852,RED,0,0,0,5,2,-0.1737419,0.01252892
emilytest4,10.73341,10.62781,1.201733,RED,0,0,0,5,2,-0.2475331,-0.02410812
emilytest4,10.74452,10.62781,1.201733,RED,0,0,0,5,2,0,0
emilytest4,10.75563,10.32985,1.142011,RED,0,0,0,5,2,-0.2681685,-0.0537504
emilytest4,10.76674,9.991341,1.086751,RED,0,0,0,5,2,-0.304656,-0.04973362
emilytest4,10.77786,9.991341,1.086751,RED,0,0,0,5,2,0,0
emilytest4,10.78897,9.636705,1.082348,RED,0,0,0,5,2,-0.3191717,-0.003963017
emilytest4,10.80008,9.636705,1.082348,RED,0,0,0,5,2,0,0
emilytest4,10.81119,9.176803,1.162344,RED,0,0,0,5,2,-0.4139125,0.07199693
emilytest4,10.8223,8.748398,1.278008,RED,0,0,0,5,2,-0.3855643,0.104097
emilytest4,10.83341,8.748398,1.278008,RED,0,0,0,5,2,0,0
emilytest4,10.84452,7.932985,1.468412,RED,0,0,0,5,2,-0.7338712,0.1713636
emilytest4,10.85563,7.932985,1.468412,YELLOW,0,0,0,5,2,0,0
emilytest4,10.86675,7.545307,1.583019,YELLOW,0,0,0,5,2,-0.3489107,0.1031467
emilytest4,10.87786,7.21091,1.672838,YELLOW,0,0,0,5,2,-0.3009567,0.08083716
emilytest4,10.88897,7.21091,1.672838,YELLOW,0,0,0,5,2,0,0
emilytest4,10.90008,6.839499,1.787709,YELLOW,0,0,0,5,2,-0.3342706,0.1033835
emilytest4,10.91119,6.839499,1.787709,YELLOW,0,0,0,5,2,0,0
emilytest4,10.9223,6.479588,1.87492,YELLOW,0,0,0,5,2,-0.3239199,0.0784898
emilytest4,10.93341,6.085407,1.911697,YELLOW,0,0,0,5,2,-0.3547627,0.03309985
emilytest4,10.94452,5.752577,1.918632,YELLOW,0,0,0,5,2,-0.299547,0.006241715
emilytest4,10.95564,5.390935,1.952608,YELLOW,0,0,0,5,2,-0.3254777,0.03057804
emilytest4,10.96675,5.390935,1.952608,YELLOW,0,0,0,5,2,0,0
emilytest4,10.97786,5.057614,1.96706,YELLOW,0,0,0,5,2,-0.2999886,0.0130071
emilytest4,10.98897,5.057614,1.96706,YELLOW,0,0,0,5,2,0,0
emilytest4,11.00008,4.808605,1.991523,YELLOW,0,0,0,5,2,-0.2241086,0.02201622
emilytest4,11.01119,4.47956,2.024654,YELLOW,0,0,0,5,2,-0.2961403,0.02981823
emilytest4,11.0223,4.47956,2.024654,YELLOW,0,0,0,5,2,0,0
emilytest4,11.03341,4.19072,2.007643,YELLOW,0,0,0,5,2,-0.2599563,-0.01530962
emilytest4,11.04453,3.928708,1.975891,YELLOW,0,0,0,5,2,-0.2358104,-0.02857754
emilytest4,11.05564,3.928708,1.975891,YELLOW,0,0,0,5,2,0,0
emilytest4,11.06675,3.928708,1.975891,YELLOW,0,0,0,5,2,0,0
emilytest4,11.07786,3.673832,1.883169,YELLOW,0,0,0,5,2,-0.2293885,-0.08344964
emilytest4,11.08897,3.328326,1.695502,YELLOW,0,0,0,5,2,-0.3109551,-0.1688998
emilytest4,11.10008,3.328326,1.695502,YELLOW,0,0,0,5,2,0,0
emilytest4,11.11119,3.328326,1.695502,YELLOW,0,0,0,5,2,0,0
emilytest4,11.1223,2.973505,1.537424,YELLOW,0,0,0,5,2,-0.3193389,-0.1422706
emilytest4,11.13342,2.973505,1.537424,YELLOW,0,0,0,5,2,0,0
emilytest4,11.14453,2.781856,1.39572,YELLOW,0,0,0,5,2,-0.1724845,-0.1275333
emilytest4,11.15564,2.781856,1.39572,YELLOW,0,0,0,5,2,0,0
emilytest4,11.16675,2.592812,1.233502,YELLOW,0,0,0,5,2,-0.1701398,-0.1459967
emilytest4,11.17786,2.374402,1.001463,YELLOW,0,0,0,5,2,-0.1965688,-0.2088349
emilytest4,11.18897,2.374402,1.001463,YELLOW,0,0,0,5,2,0,0
emilytest4,11.20008,2.191813,0.7575982,YELLOW,0,0,0,5,2,-0.1643301,-0.2194783
emilytest4,11.21119,1.983636,0.4645267,YELLOW,0,0,0,5,2,-0.1873594,-0.2637643
emilytest4,11.22231,1.778012,0.1834487,GREEN,0,0,0,5,2,-0.1850609,-0.2529702
emilytest4,11.23342,1.778012,0.1834487,GREEN,0,0,0,5,2,0,0
emilytest4,11.24453,1.778012,0.1834487,GREEN,0,0,0,5,2,0,0
emilytest4,11.25564,1.475316,-0.1530532,GREEN,0,0,0,5,2,-0.2724268,-0.3028516
emilytest4,11.26675,1.475316,-0.1530532,YELLOW,0,0,0,5,2,0,0
emilytest4,11.27786,1.275606,-0.2406172,YELLOW,0,0,0,5,2,-0.179739,-0.07880763
emilytest4,11.28897,1.114982,-0.3044853,YELLOW,0,0,0,5,2,-0.1445618,-0.05748129
emilytest4,11.30009,1.114982,-0.3044853,YELLOW,0,0,0,5,2,0,0
emilytest4,11.3112,0.9650676,-0.3695246,YELLOW,0,0,0,5,2,-0.1349226,-0.05853535
emilytest4,11.32231,0.7780999,-0.4607841,YELLOW,0,0,0,5,2,-0.1682709,-0.08213353
emilytest4,11.33342,0.6791254,-0.5491351,YELLOW,0,0,0,5,2,-0.08907707,-0.07951596
emilytest4,11.34453,0.6791254,-0.5491351,YELLOW,0,0,0,5,2,0,0
emilytest4,11.35564,0.5122683,-0.6193929,YELLOW,0,0,0,5,2,-0.1501714,-0.063232
emilytest4,11.36675,0.2651706,-0.6693012,YELLOW,0,0,0,5,2,-0.2223879,-0.04491745
emilytest4,11.37786,0.2651706,-0.6693012,YELLOW,0,0,0,5,2,0,0
emilytest4,11.38898,-0.1164133,-0.726594,YELLOW,0,0,0,5,2,-0.3434255,-0.05156353
emilytest4,11.40009,-0.1164133,-0.726594,YELLOW,0,0,0,5,2,0,0
emilytest4,11.4112,-0.6391592,-0.7325073,YELLOW,0,0,0,5,2,-0.4704713,-0.005321986
emilytest4,11.42231,-1.220809,-0.7278882,YELLOW,0,0,0,5,2,-0.5234849,0.004157209
emilytest4,11.43342,-1.220809,-0.7278882,YELLOW,0,0,0,5,2,0,0
emilytest4,11.44453,-1.661585,-0.8319778,YELLOW,0,0,0,5,2,-0.3966985,-0.09368066
emilytest4,11.45564,-1.978893,-0.9662349,YELLOW,0,0,0,5,2,-0.2855771,-0.1208313
emilytest4,11.46675,-1.978893,-0.9662349,YELLOW,0,0,0,5,2,0,0
emilytest4,11.47787,-2.120577,-1.073611,YELLOW,0,0,0,5,2,-0.1275156,-0.09663886
emilytest4,11.48898,-2.116197,-1.199549,YELLOW,0,0,0,5,2,0.003941774,-0.1133438
emilytest4,11.50009,-2.023622,-1.292962,YELLOW,0,0,0,5,2,0.083318,-0.08407191
emilytest4,11.5112,-2.023622,-1.292962,YELLOW,0,0,0,5,2,0,0
emilytest4,11.52231,-1.884313,-1.359788,YELLOW,0,0,0,5,2,0.1253784,-0.06014285
emilytest4,11.53342,-1.570416,-1.492235,YELLOW,0,0,0,5,2,0.282507,-0.1192023
emilytest4,11.54453,-1.570416,-1.492235,YELLOW,0,0,0,5,2,0,0
emilytest4,11.55564,-1.2222,-1.6451,YELLOW,0,0,0,5,2,0.3133941,-0.1375792
emilytest4,11.56676,-0.8533867,-1.815509,YELLOW,0,0,0,5,2,0.3319321,-0.1533678
emilytest4,11.57787,-0.8533867,-1.815509,YELLOW,0,0,0,5,2,0,0
emilytest4,11.58898,-0.405427,-1.958289,YELLOW,0,0,0,5,2,0.4031637,-0.1285017
emilytest4,11.60009,-0.01512152,-2.067333,YELLOW,0,0,0,5,2,0.3512749,-0.09813999
emilytest4,11.6112,0.3548595,-2.183623,YELLOW,0,0,0,5,2,0.3329829,-0.1046611
emilytest4,11.62231,0.3548595,-2.183623,YELLOW,0,0,0,5,2,0,0
emilytest4,11.63342,0.6362793,-2.283241,YELLOW,0,0,0,5,2,0.2532779,-0.08965573
emilytest4,11.64453,0.6362793,-2.283241,YELLOW,0,0,0,5,2,0,0
emilytest4,11.65565,0.8701173,-2.433739,YELLOW,0,0,0,5,2,0.2104542,-0.1354481
emilytest4,11.66676,1.082046,-2.575643,YELLOW,0,0,0,5,2,0.1907362,-0.1277135
emilytest4,11.67787,1.082046,-2.575643,YELLOW,0,0,0,5,2,0,0
emilytest4,11.68898,1.316781,-2.828804,YELLOW,0,0,0,5,2,0.2112611,-0.2278448
emilytest4,11.70009,1.316781,-2.828804,YELLOW,0,0,0,5,2,0,0
emilytest4,11.7112,1.316781,-2.828804,YELLOW,0,0,0,5,2,0,0
emilytest4,11.72231,1.316781,-2.828804,YELLOW,0,0,0,5,2,0,0
emilytest4,11.73342,1.41579,-2.981831,YELLOW,0,0,0,5,2,0.08910834,-0.1377246
emilytest4,11.74454,1.478906,-3.15532,YELLOW,0,0,0,5,2,0.05680447,-0.1561406
emilytest4,11.75565,1.478906,-3.15532,YELLOW,0,0,0,5,2,0,0
emilytest4,11.76676,1.444963,-3.172862,YELLOW,0,0,0,5,2,-0.03054886,-0.01578705
emilytest4,11.77787,1.360918,-3.156462,YELLOW,0,0,0,5,2,-0.07564022,0.01475945
emilytest4,11.78898,1.059426,-3.142912,YELLOW,0,0,0,5,2,-0.2713431,0.01219482
emilytest4,11.80009,1.059426,-3.142912,YELLOW,0,0,0,5,2,0,0
emilytest4,11.8112,0.5674362,-3.092028,YELLOW,0,0,0,5,2,-0.4427909,0.04579625
emilytest4,11.82231,-0.0861089,-2.985565,YELLOW,0,0,0,5,2,-0.5881906,0.09581644
emilytest4,11.83343,-0.0861089,-2.985565,YELLOW,0,0,0,5,2,0,0
emilytest4,11.84454,-0.0861089,-2.985565,YELLOW,0,0,0,5,2,0,0
emilytest4,11.85565,-1.625629,-2.647238,YELLOW,0,0,0,5,2,-1.385568,0.3044947
emilytest4,11.86676,-1.625629,-2.647238,YELLOW,0,0,0,5,2,0,0
emilytest4,11.87787,-2.290319,-2.472548,YELLOW,0,0,0,5,2,-0.5982214,0.1572206
emilytest4,11.88898,-2.290319,-2.472548,YELLOW,0,0,0,5,2,0,0
emilytest4,11.90009,-2.575247,-2.304738,YELLOW,0,0,0,5,2,-0.2564344,0.1510294
emilytest4,11.9112,-2.631266,-2.179232,YELLOW,0,0,0,5,2,-0.05041759,0.1129549
emilytest4,11.92232,-2.631266,-2.179232,YELLOW,0,0,0,5,2,0,0
emilytest4,11.93343,-2.048243,-2.025694,YELLOW,0,0,0,5,2,0.5247205,0.1381846
emilytest4,11.94454,-2.048243,-2.025694,YELLOW,0,0,0,5,2,0,0
emilytest4,11.95565,-1.523087,-2.030798,YELLOW,0,0,0,5,2,0.4726404,-0.004594088
emilytest4,11.96676,-1.523087,-2.030798,YELLOW,0,0,0,5,2,0,0
emilytest4,11.97787,-0.7381344,-2.086988,YELLOW,0,0,0,5,2,0.7064576,-0.05057123
emilytest4,11.98898,0.06806976,-2.125657,YELLOW,0,0,0,5,2,0.7255837,-0.03480155
emilytest4,12.00009,0.06806976,-2.125657,YELLOW,0,0,0,5,2,0,0
emilytest4,12.01121,0.757663,-2.108848,YELLOW,0,0,0,5,2,0.6206338,0.01512787
emilytest4,12.02232,1.458437,-2.062075,YELLOW,0,0,0,5,2,0.6306969,0.04209566
emilytest4,12.03343,1.458437,-2.062075,YELLOW,0,0,0,5,2,0,0
emilytest4,12.04454,2.115173,-1.960961,YELLOW,0,0,0,5,2,0.5910618,0.09100295
emilytest4,12.05565,2.685916,-1.840557,YELLOW,0,0,0,5,2,0.5136688,0.1083632
emilytest4,12.06676,2.685916,-1.840557,YELLOW,0,0,0,5,2,0,0
emilytest4,12.07787,3.113643,-1.70678,YELLOW,0,0,0,5,2,0.3849545,0.1203999
emilytest4,12.08898,3.548635,-1.64834,YELLOW,0,0,0,5,2,0.3914927,0.05259586
emilytest4,12.1001,3.993582,-1.62885,YELLOW,0,0,0,5,2,0.4004529,0.01754079
emilytest4,12.11121,3.993582,-1.62885,YELLOW,0,0,0,5,2,0,0
emilytest4,12.12232,4.394115,-1.578544,YELLOW,0,0,0,5,2,0.3604792,0.04527494
emilytest4,12.13343,4.394115,-1.578544,YELLOW,0,0,0,5,2,0,0
emilytest4,12.14454,4.82088,-1.535496,YELLOW,0,0,0,5,2,0.3840885,0.03874354
emilytest4,12.15565,5.260116,-1.498717,YELLOW,0,0,0,5,2,0.3953121,0.03310093
emilytest4,12.16676,5.260116,-1.498717,YELLOW,0,0,0,5,2,0,0
emilytest4,12.17787,6.098786,-1.428394,YELLOW,0,0,0,5,2,0.7548036,0.06329069
emilytest4,12.18899,6.098786,-1.428394,YELLOW,0,0,0,5,2,0,0
emilytest4,12.2001,6.478502,-1.388914,YELLOW,0,0,0,5,2,0.3417443,0.0355324
emilytest4,12.21121,6.478502,-1.388914,YELLOW,0,0,0,5,2,0,0
emilytest4,12.22232,6.478502,-1.388914,YELLOW,0,0,0,5,2,0,0
emilytest4,12.23343,7.043719,-1.327404,YELLOW,0,0,0,5,2,0.5086949,0.05535886
emilytest4,12.24454,7.043719,-1.327404,YELLOW,0,0,0,5,2,0,0
emilytest4,12.25565,7.209314,-1.270192,YELLOW,0,0,0,5,2,0.1490355,0.0514909
emilytest4,12.26676,7.325559,-1.256837,YELLOW,0,0,0,5,2,0.1046207,0.01201898
emilytest4,12.27788,7.325559,-1.256837,YELLOW,0,0,0,5,2,0,0
emilytest4,12.28899,7.34198,-1.257079,YELLOW,0,0,0,5,2,0.01477876,-0.0002175808
emilytest4,12.3001,7.34198,-1.257079,YELLOW,0,0,0,5,2,0,0
emilytest4,12.31121,7.144787,-1.18401,YELLOW,0,0,0,5,2,-0.1774734,0.0657624
emilytest4,12.32232,7.144787,-1.18401,YELLOW,0,0,0,5,2,0,0
emilytest4,12.33343,7.029482,-1.149044,YELLOW,0,0,0,5,2,-0.1037745,0.03146907
emilytest4,12.34454,7.029482,-1.149044,YELLOW,0,0,0,5,2,0,0
emilytest4,12.35565,6.967372,-1.097548,YELLOW,0,0,0,5,2,-0.05589938,0.04634675
emilytest4,12.36677,7.036637,-1.062146,YELLOW,0,0,0,5,2,0.06233883,0.03186174
emilytest4,12.37788,7.036637,-1.062146,YELLOW,0,0,0,5,2,0,0
emilytest4,12.38899,7.156914,-1.011995,YELLOW,0,0,0,5,2,0.1082492,0.04513557
emilytest4,12.4001,7.397113,-0.9553315,YELLOW,0,0,0,5,2,0.2161787,0.05099743
emilytest4,12.41121,7.397113,-0.9553315,YELLOW,0,0,0,5,2,0,0
emilytest4,12.42232,7.628565,-0.9232252,YELLOW,0,0,0,5,2,0.2083068,0.0288957
emilytest4,12.43343,7.725678,-0.8614261,YELLOW,0,0,0,5,2,0.08740225,0.05561914
emilytest4,12.44454,7.853552,-0.8407675,YELLOW,0,0,0,5,2,0.1150861,0.01859275
emilytest4,12.45566,7.853552,-0.8407675,YELLOW,0,0,0,5,2,0,0
emilytest4,12.46677,7.853552,-0.8407675,YELLOW,0,0,0,5,2,0,0
emilytest4,12.47788,7.957084,-0.8176822,YELLOW,0,0,0,5,2,0.09317908,0.02077677
emilytest4,12.48899,7.957084,-0.8176822,YELLOW,0,0,0,5,2,0,0
emilytest4,12.5001,7.896188,-0.7540459,YELLOW,0,0,0,5,2,-0.05480676,0.05727267
emilytest4,12.51121,7.896188,-0.7540459,YELLOW,0,0,0,5,2,0,0
emilytest4,12.52232,7.943176,-0.6842543,YELLOW,0,0,0,5,2,0.04228964,0.06281245
emilytest4,12.53343,8.006417,-0.6338232,YELLOW,0,0,0,5,2,0.0569169,0.04538796
emilytest4,12.54455,8.055166,-0.5431117,RED,0,0,0,5,2,0.04387407,0.08164033
emilytest4,12.55566,8.083058,-0.4821418,RED,0,0,0,5,2,0.0251029,0.05487298
emilytest4,12.56677,8.083058,-0.4821418,RED,0,0,0,5,2,0,0
emilytest4,12.57788,8.180596,-0.4203524,RED,0,0,0,5,2,0.08778419,0.05561043
emilytest4,12.58899,8.180596,-0.4203524,RED,0,0,0,5,2,0,0
emilytest4,12.6001,8.164586,-0.3486614,RED,0,0,0,5,2,-0.01440926,0.0645219
emilytest4,12.61121,8.206674,-0.2502176,RED,0,0,0,5,2,0.0378788,0.08859945
emilytest4,12.62232,8.206674,-0.2502176,RED,0,0,0,5,2,0,0
emilytest4,12.63344,8.121432,-0.1178154,RED,0,0,0,5,2,-0.07671718,0.1191619
emilytest4,12.64455,8.121432,-0.1178154,RED,0,0,0,5,2,0,0
emilytest4,12.65566,8.121432,-0.1178154,RED,0,0,0,5,2,0,0
emilytest4,12.66677,8.104075,-0.04123853,RED,0,0,0,5,2,-0.01562119,0.06891922
emilytest4,12.67788,7.966172,0.002248787,RED,0,0,0,5,2,-0.1241129,0.03913858
emilytest4,12.68899,7.816686,0.04132455,YELLOW,0,0,0,5,2,-0.1345375,0.03516819
emilytest4,12.7001,7.816686,0.04132455,YELLOW,0,0,0,5,2,0,0
emilytest4,12.71122,7.816686,0.04132455,YELLOW,0,0,0,5,2,0,0
emilytest4,12.72233,7.816686,0.04132455,YELLOW,0,0,0,5,2,0,0
emilytest4,12.73344,7.575599,0.10444,YELLOW,0,0,0,5,2,-0.2169787,0.05680387
emilytest4,12.74455,6.777576,0.2724026,YELLOW,0,0,0,5,2,-0.7182201,0.1511663
emilytest4,12.75566,6.327733,0.3489749,YELLOW,0,0,0,5,2,-0.404859,0.06891507
emilytest4,12.76677,6.327733,0.3489749,YELLOW,0,0,0,5,2,0,0
emilytest4,12.77788,5.936015,0.3759126,YELLOW,0,0,0,5,2,-0.3525465,0.02424398
emilytest4,12.78899,5.606905,0.3505746,YELLOW,0,0,0,5,2,-0.2961987,-0.02280422
emilytest4,12.80011,5.306367,0.304077,YELLOW,0,0,0,5,2,-0.2704838,-0.04184783
emilytest4,12.81122,5.306367,0.304077,YELLOW,0,0,0,5,2,0,0
emilytest4,12.82233,4.961559,0.2341971,YELLOW,0,0,0,5,2,-0.3103277,-0.0628919
emilytest4,12.83344,4.961559,0.2341971,YELLOW,0,0,0,5,2,0,0
emilytest4,12.84455,4.588581,0.08687631,YELLOW,0,0,0,5,2,-0.33568,-0.1325887
emilytest4,12.85566,4.043622,-0.08655088,YELLOW,0,0,0,5,2,-0.4904627,-0.1560845
emilytest4,12.86677,4.043622,-0.08655088,YELLOW,0,0,0,5,2,0,0
emilytest4,12.87788,3.400506,-0.216633,YELLOW,0,0,0,5,2,-0.578805,-0.1170739
emilytest4,12.889,1.739761,-0.1179771,YELLOW,0,0,0,5,2,-1.49467,0.08879031
emilytest4,12.90011,1.739761,-0.1179771,YELLOW,0,0,0,5,2,0,0
emilytest4,12.91122,0.8329943,0.03894688,YELLOW,0,0,0,5,2,-0.8160902,0.1412316
emilytest4,12.92233,0.8329943,0.03894688,GREEN,0,0,0,5,2,0,0
emilytest4,12.93344,-0.05543151,0.2377814,GREEN,0,0,0,5,2,-0.7995833,0.178951
emilytest4,12.94455,-0.05543151,0.2377814,GREEN,0,0,0,5,2,0,0
emilytest4,12.95566,-0.7893811,0.3664901,GREEN,0,0,0,5,2,-0.6605546,0.1158378
emilytest4,12.96677,-1.451809,0.5545294,GREEN,0,0,0,5,2,-0.5961853,0.1692353
emilytest4,12.97789,-1.451809,0.5545294,GREEN,0,0,0,5,2,0,0
emilytest4,12.989,-1.977497,0.7933242,GREEN,0,0,0,5,2,-0.4731193,0.2149154
emilytest4,13.00011,-1.977497,0.7933242,GREEN,0,0,0,5,2,0,0
emilytest4,13.01122,-2.357536,1.26091,GREEN,0,0,0,5,2,-0.3420349,0.420827
emilytest4,13.02233,-2.357536,1.26091,GREEN,0,0,0,5,2,0,0
emilytest4,13.03344,-2.357536,1.26091,GREEN,0,0,0,5,2,0,0
emilytest4,13.04455,-1.994302,1.421288,GREEN,0,0,0,5,2,0.3269107,0.1443403
emilytest4,13.05566,-1.359024,1.502516,GREEN,0,0,0,5,2,0.5717504,0.07310554
emilytest4,13.06678,-0.2523735,1.561221,GREEN,0,0,0,5,2,0.9959852,0.05283405
emilytest4,13.07789,-0.2523735,1.561221,GREEN,0,0,0,5,2,0,0
emilytest4,13.089,1.346476,1.66659,GREEN,0,0,0,5,2,1.438965,0.09483261
emilytest4,13.10011,3.238882,1.686809,GREEN,0,0,0,5,2,1.703165,0.01819643
emilytest4,13.11122,5.4908,1.783854,YELLOW,0,0,0,5,2,2.026726,0.0873412
emilytest4,13.12233,5.4908,1.783854,YELLOW,0,0,0,5,2,0,0
emilytest4,13.13344,5.4908,1.783854,YELLOW,0,0,0,5,2,0,0
emilytest4,13.14455,7.582126,1.898707,YELLOW,0,0,0,5,2,1.882194,0.1033677
emilytest4,13.15567,9.427781,1.830495,YELLOW,0,0,0,5,2,1.661089,-0.06139115
emilytest4,13.16678,11.24475,1.717253,RED,0,0,0,5,2,1.635269,-0.1019176
emilytest4,13.17789,12.82569,1.544298,RED,0,0,0,5,2,1.422851,-0.1556599
emilytest4,13.189,12.82569,1.544298,RED,0,0,0,5,2,0,0
emilytest4,13.20011,13.94032,1.41267,RED,0,0,0,5,2,1.003164,-0.1184653
emilytest4,13.21122,13.94032,1.41267,RED,0,0,0,5,2,0,0
emilytest4,13.22233,15.26044,1.295832,RED,0,0,0,5,2,1.188107,-0.1051542
emilytest4,13.23344,15.26044,1.295832,RED,0,0,0,5,2,0,0
emilytest4,13.24456,15.56053,1.292199,RED,0,0,0,5,2,0.2700834,-0.00326972
emilytest4,13.25567,15.64015,1.398481,RED,0,0,0,5,2,0.0716609,0.09565455
emilytest4,13.26678,15.64015,1.398481,RED,0,0,0,5,2,0,0
emilytest4,13.27789,15.55743,1.552025,RED,0,0,0,5,2,-0.07445554,0.1381896
emilytest4,13.289,15.55743,1.552025,RED,0,0,0,5,2,0,0
emilytest4,13.30011,15.42956,1.726788,RED,0,0,0,5,2,-0.1150792,0.1572862
emilytest4,13.31122,15.28309,1.81307,RED,0,0,0,5,2,-0.1318231,0.07765391
emilytest4,13.32233,15.28309,1.81307,RED,0,0,0,5,2,0,0
emilytest4,13.33345,15.14922,1.94229,RED,0,0,0,5,2,-0.1204857,0.116298
emilytest4,13.34456,15.07372,2.043058,RED,0,0,0,5,2,-0.06794958,0.09069128
emilytest4,13.35567,15.07372,2.043058,RED,0,0,0,5,2,0,0
emilytest4,13.36678,14.97111,2.150915,RED,0,0,0,5,2,-0.09234352,0.09707107
emilytest4,13.37789,14.88168,2.305778,RED,0,0,0,5,2,-0.08048858,0.1393766
emilytest4,13.389,14.90507,2.567685,RED,0,0,0,5,2,0.02104654,0.2357164
emilytest4,13.40011,14.90507,2.567685,RED,0,0,0,5,2,0,0
emilytest4,13.41122,14.87287,2.842743,RED,0,0,0,5,2,-0.02897901,0.2475522
emilytest4,13.42234,14.87943,3.060866,RED,0,0,0,5,2,0.005908585,0.1963111
emilytest4,13.43345,14.87943,3.060866,RED,0,0,0,5,2,0,0
emilytest4,13.44456,14.89719,3.27843,RED,0,0,0,5,2,0.01597738,0.1958073
emilytest4,13.45567,14.93251,3.589899,RED,0,0,0,5,2,0.03178911,0.2803217
emilytest4,13.46678,14.92077,3.86787,RED,0,0,0,5,2,-0.01056061,0.2501746
emilytest4,13.47789,14.92077,3.86787,RED,0,0,0,5,2,0,0
emilytest4,13.489,14.92817,4.099607,RED,0,0,0,5,2,0.00665617,0.2085634
emilytest4,13.50011,14.89566,4.202781,RED,0,0,0,5,2,-0.02926054,0.09285593
emilytest4,13.51123,14.89566,4.202781,RED,0,0,0,5,2,0,0
emilytest4,13.52234,14.89502,4.229128,RED,0,0,0,5,2,-0.0005707741,0.02371287
emilytest4,13.53345,14.82062,4.169883,RED,0,0,0,5,2,-0.0669591,-0.05332103
emilytest4,13.54456,14.82062,4.169883,RED,0,0,0,5,2,0,0
emilytest4,13.55567,14.82057,4.152596,RED,0,0,0,5,2,-4.892349E-05,-0.01555767
emilytest4,13.56678,14.79578,4.196586,RED,0,0,0,5,2,-0.02231255,0.03959026
emilytest4,13.57789,14.79578,4.196586,RED,0,0,0,5,2,0,0
emilytest4,13.589,14.77212,4.207778,RED,0,0,0,5,2,-0.0212903,0.01007352
emilytest4,13.60012,14.78728,4.213282,RED,0,0,0,5,2,0.01364021,0.004953289
emilytest4,13.61123,14.78728,4.213282,RED,0,0,0,5,2,0,0
emilytest4,13.62234,14.78074,4.037253,RED,0,0,0,5,2,-0.005881977,-0.1584263
emilytest4,13.63345,14.77832,3.822934,RED,0,0,0,5,2,-0.002180958,-0.1928871
emilytest4,13.64456,14.77832,3.822934,RED,0,0,0,5,2,0,0
emilytest4,13.65567,14.73247,3.605428,RED,0,0,0,5,2,-0.04125967,-0.1957553
emilytest4,13.66678,14.82759,3.470175,RED,0,0,0,5,2,0.08560753,-0.1217281
emilytest4,13.67789,14.74519,3.369561,RED,0,0,0,5,2,-0.07416458,-0.09055223
emilytest4,13.68901,14.69695,3.130639,RED,0,0,0,5,2,-0.04341831,-0.2150301
emilytest4,13.70012,14.69695,3.130639,RED,0,0,0,5,2,0,0
emilytest4,13.71123,14.70231,2.985917,RED,0,0,0,5,2,0.004825401,-0.1302496
emilytest4,13.72234,14.65461,2.87573,RED,0,0,0,5,2,-0.04292994,-0.09916813
emilytest4,13.73345,14.66428,2.765515,RED,0,0,0,5,2,0.00870924,-0.09919345
emilytest4,13.74456,14.6745,2.595609,RED,0,0,0,5,2,0.00919075,-0.1529157
emilytest4,13.75567,14.6745,2.595609,RED,0,0,0,5,2,0,0
emilytest4,13.76678,14.6609,2.339559,RED,0,0,0,5,2,-0.01224031,-0.2304449
emilytest4,13.7779,14.6609,2.339559,RED,0,0,0,5,2,0,0
emilytest4,13.78901,14.64752,2.14058,RED,0,0,0,5,2,-0.01203775,-0.1790812
emilytest4,13.80012,14.64752,2.14058,RED,0,0,0,5,2,0,0
emilytest4,13.81123,14.64981,2.150974,RED,0,0,0,5,2,0.00206337,0.009354472
emilytest4,13.82234,14.64501,2.063946,RED,0,0,0,5,2,-0.004319,-0.07832523
emilytest4,13.83345,14.64001,2.056984,RED,0,0,0,5,2,-0.004506969,-0.006264997
emilytest4,13.84456,14.65651,1.90766,RED,0,0,0,5,2,0.01485043,-0.1343919
emilytest4,13.85567,14.65651,1.90766,RED,0,0,0,5,2,0,0
emilytest4,13.86679,14.67329,1.709502,RED,0,0,0,5,2,0.01510191,-0.1783421
emilytest4,13.8779,14.66871,1.50798,RED,0,0,0,5,2,-0.004117298,-0.1813704
emilytest4,13.88901,14.66871,1.50798,RED,0,0,0,5,2,0,0
emilytest4,13.90012,14.68505,1.262288,RED,0,0,0,5,2,0.01470623,-0.2211225
emilytest4,13.91123,14.70517,0.9147795,RED,0,0,0,5,2,0.01810427,-0.3127575
emilytest4,13.92234,14.70517,0.9147795,RED,0,0,0,5,2,0,0
emilytest4,13.93345,14.72218,0.5026015,RED,0,0,0,5,2,0.0153079,-0.3709601
emilytest4,13.94456,14.72218,0.5026015,RED,0,0,0,5,2,0,0
emilytest4,13.95568,14.69477,0.09814376,RED,0,0,0,5,2,-0.0246686,-0.3640119
emilytest4,13.96679,14.69477,0.09814376,RED,0,0,0,5,2,0,0
emilytest4,13.9779,14.69477,0.09814376,RED,0,0,0,5,2,0,0
emilytest4,13.98901,14.69477,0.09814376,RED,0,0,0,5,2,0,0
emilytest4,14.00012,14.72146,0.1318169,RED,0,0,0,5,2,0.02401972,0.03030586
emilytest4,14.01123,14.64206,0.07927037,RED,0,0,0,5,2,-0.0714592,-0.04729191
emilytest4,14.02234,14.64788,0.05052207,RED,0,0,0,5,2,0.005243397,-0.02587347
emilytest4,14.03345,14.64788,0.05052207,RED,0,0,0,5,2,0,0
emilytest4,14.04457,14.65347,-0.01652474,RED,0,0,0,5,2,0.00502882,-0.06034213
emilytest4,14.05568,14.59359,0.005100543,RED,0,0,0,5,2,-0.05389652,0.01946275
emilytest4,14.06679,14.59359,0.005100543,RED,0,0,0,5,2,0,0
emilytest4,14.0779,14.57913,0.1534133,RED,0,0,0,5,2,-0.01301279,0.1334815
emilytest4,14.08901,14.60618,0.3380882,RED,0,0,0,5,2,0.02434759,0.1662074
emilytest4,14.10012,14.60618,0.3380882,RED,0,0,0,5,2,0,0
emilytest4,14.11123,14.58717,0.4664459,RED,0,0,0,5,2,-0.01711292,0.115522
emilytest4,14.12234,14.59116,0.5544383,RED,0,0,0,5,2,0.003591156,0.07919316
emilytest4,14.13346,14.59116,0.5544383,RED,0,0,0,5,2,0,0
emilytest4,14.14457,14.50286,0.5930536,RED,0,0,0,5,2,-0.07946549,0.03475375
emilytest4,14.15568,14.50286,0.5930536,RED,0,0,0,5,2,0,0
emilytest4,14.16679,11.36527,2.551399,RED,0,0,0,5,2,-2.823832,1.762511
emilytest4,14.1779,11.36527,2.551399,RED,0,0,0,5,2,0,0
emilytest4,14.18901,10.06197,3.738964,RED,0,0,0,5,2,-1.172971,1.068808
emilytest4,14.20012,9.25445,4.793168,RED,0,0,0,5,2,-0.7267671,0.9487831
emilytest4,14.21124,9.25445,4.793168,RED,0,0,0,5,2,0,0
emilytest4,14.22235,8.616116,5.821119,RED,0,0,0,5,2,-0.5745009,0.9251565
emilytest4,14.23346,8.616116,5.821119,RED,0,0,0,5,2,0,0
emilytest4,14.24457,7.217404,7.778335,RED,0,0,0,5,2,-1.25884,1.761494
emilytest4,14.25568,7.217404,7.778335,YELLOW,0,0,0,5,2,0,0
emilytest4,14.26679,6.510817,8.646808,YELLOW,0,0,0,5,2,-0.6359286,0.7816253
emilytest4,14.2779,6.510817,8.646808,YELLOW,0,0,0,5,2,0,0
emilytest4,14.28901,5.664913,9.316805,YELLOW,0,0,0,5,2,-0.7613135,0.6029975
emilytest4,14.30013,5.052125,9.76092,YELLOW,0,0,0,5,2,-0.551509,0.3997032
emilytest4,14.31124,5.052125,9.76092,YELLOW,0,0,0,5,2,0,0
emilytest4,14.32235,4.703791,9.977138,YELLOW,0,0,0,5,2,-0.3135013,0.1945962
emilytest4,14.33346,4.426588,10.09131,YELLOW,0,0,0,5,2,-0.2494823,0.1027556
emilytest4,14.34457,4.426588,10.09131,YELLOW,0,0,0,5,2,0,0
emilytest4,14.35568,4.390306,10.17343,YELLOW,0,0,0,5,2,-0.03265429,0.07390709
emilytest4,14.36679,4.390306,10.17343,YELLOW,0,0,0,5,2,0,0
emilytest4,14.3779,4.747774,10.1468,YELLOW,0,0,0,5,2,0.3217213,-0.0239665
emilytest4,14.38902,4.747774,10.1468,YELLOW,0,0,0,5,2,0,0
emilytest4,14.40013,5.098312,10.07495,YELLOW,0,0,0,5,2,0.3154844,-0.06466055
emilytest4,14.41124,5.207819,9.863432,YELLOW,0,0,0,5,2,0.09855594,-0.1903708
emilytest4,14.42235,5.207819,9.863432,YELLOW,0,0,0,5,2,0,0
emilytest4,14.43346,5.270292,9.636971,YELLOW,0,0,0,5,2,0.0562264,-0.2038144
emilytest4,14.44457,5.270292,9.636971,YELLOW,0,0,0,5,2,0,0
emilytest4,14.45568,5.41905,9.398669,YELLOW,0,0,0,5,2,0.1338821,-0.214472
emilytest4,14.46679,5.495222,9.221528,YELLOW,0,0,0,5,2,0.06855426,-0.1594271
emilytest4,14.47791,5.691979,9.065428,YELLOW,0,0,0,5,2,0.1770816,-0.1404902
emilytest4,14.48902,5.978089,8.66729,YELLOW,0,0,0,5,2,0.2574989,-0.3583242
emilytest4,14.50013,5.978089,8.66729,YELLOW,0,0,0,5,2,0,0
emilytest4,14.51124,6.31522,8.41064,YELLOW,0,0,0,5,2,0.3034183,-0.230985
emilytest4,14.52235,6.31522,8.41064,YELLOW,0,0,0,5,2,0,0
emilytest4,14.53346,6.781317,8.231554,YELLOW,0,0,0,5,2,0.4194872,-0.1611772
emilytest4,14.54457,7.299726,8.192477,YELLOW,0,0,0,5,2,0.4665679,-0.03516912
emilytest4,14.55568,7.299726,8.192477,YELLOW,0,0,0,5,2,0,0
emilytest4,14.5668,7.710419,8.209647,YELLOW,0,0,0,5,2,0.3696238,0.01545296
emilytest4,14.57791,7.950147,8.214706,YELLOW,0,0,0,5,2,0.2157547,0.004553318
emilytest4,14.58902,7.950147,8.214706,YELLOW,0,0,0,5,2,0,0
emilytest4,14.60013,8.108722,8.250896,YELLOW,0,0,0,5,2,0.1427176,0.03257103
emilytest4,14.61124,8.167534,8.24789,RED,0,0,0,5,2,0.05293093,-0.002705383
emilytest4,14.62235,8.167534,8.24789,RED,0,0,0,5,2,0,0
emilytest4,14.63346,8.149794,8.183899,RED,0,0,0,5,2,-0.01596623,-0.05759239
emilytest4,14.64457,8.29472,8.100445,RED,0,0,0,5,2,0.1304335,-0.07510872
emilytest4,14.65569,8.640964,7.987739,RED,0,0,0,5,2,0.3116195,-0.1014351
emilytest4,14.6668,8.640964,7.987739,RED,0,0,0,5,2,0,0
emilytest4,14.67791,9.176784,7.817211,RED,0,0,0,5,2,0.482238,-0.1534756
emilytest4,14.68902,9.176784,7.817211,RED,0,0,0,5,2,0,0
emilytest4,14.70013,9.984159,7.498442,RED,0,0,0,5,2,0.7266383,-0.2868921
emilytest4,14.71124,10.95496,7.077203,RED,0,0,0,5,2,0.8737186,-0.3791146
emilytest4,14.72235,12.0781,6.552569,RED,0,0,0,5,2,1.010829,-0.4721705
emilytest4,14.73346,12.0781,6.552569,RED,0,0,0,5,2,0,0
emilytest4,14.74458,13.13928,5.981445,RED,0,0,0,5,2,0.9550569,-0.5140121
emilytest4,14.75569,14.08415,5.467296,RED,0,0,0,5,2,0.8503889,-0.4627343
emilytest4,14.7668,14.08415,5.467296,RED,0,0,0,5,2,0,0
emilytest4,14.77791,14.69318,4.963277,RED,0,0,0,5,2,0.5481207,-0.4536169
emilytest4,14.78902,15.12385,4.49698,RED,0,0,0,5,2,0.3876054,-0.419667
emilytest4,14.80013,15.12385,4.49698,RED,0,0,0,5,2,0,0
emilytest4,14.81124,15.12385,4.49698,RED,0,0,0,5,2,0,0
emilytest4,14.82235,15.55551,3.730198,RED,0,0,0,5,2,0.3884989,-0.6901042
emilytest4,14.83347,15.56014,3.257463,RED,0,0,0,5,2,0.004162788,-0.425461
emilytest4,14.84458,15.56014,3.257463,RED,0,0,0,5,2,0,0
emilytest4,14.85569,15.56014,3.257463,RED,0,0,0,5,2,0,0
emilytest4,14.8668,15.53195,2.039765,RED,0,0,0,5,2,-0.0253664,-1.095929
emilytest4,14.87791,15.53195,2.039765,RED,0,0,0,5,2,0,0
emilytest4,14.88902,15.51663,1.731388,RED,0,0,0,5,2,-0.01378956,-0.2775391
emilytest4,14.90013,15.48462,1.719733,RED,0,0,0,5,2,-0.02880993,-0.01048991
emilytest4,14.91124,15.48868,1.511762,RED,0,0,0,5,2,0.003652954,-0.187174
emilytest4,14.92236,15.4432,1.255824,RED,0,0,0,5,2,-0.04093266,-0.2303435
emilytest4,14.93347,15.41445,1.022248,RED,0,0,0,5,2,-0.02587194,-0.2102189
emilytest4,14.94458,15.41445,1.022248,RED,0,0,0,5,2,0,0
emilytest4,14.95569,15.37932,0.7814276,RED,0,0,0,5,2,-0.0316226,-0.2167382
emilytest4,14.9668,15.39552,0.4506379,RED,0,0,0,5,2,0.0145792,-0.2977107
emilytest4,14.97791,15.39552,0.4506379,RED,0,0,0,5,2,0,0
emilytest4,14.98902,15.35914,0.2010693,RED,0,0,0,5,2,-0.0327384,-0.2246117
emilytest4,15.00013,15.4152,0.09691861,RED,0,0,0,5,2,0.05045643,-0.09373566
